CREATE DATABASE  IF NOT EXISTS `QuizTest` /*!40100 DEFAULT CHARACTER SET utf8 */;
USE `QuizTest`;
-- MySQL dump 10.13  Distrib 5.5.34, for debian-linux-gnu (i686)
--
-- Host: 127.0.0.1    Database: QuizTest
-- ------------------------------------------------------
-- Server version	5.5.34-0ubuntu0.13.04.1

/*!40101 SET @OLD_CHARACTER_SET_CLIENT=@@CHARACTER_SET_CLIENT */;
/*!40101 SET @OLD_CHARACTER_SET_RESULTS=@@CHARACTER_SET_RESULTS */;
/*!40101 SET @OLD_COLLATION_CONNECTION=@@COLLATION_CONNECTION */;
/*!40101 SET NAMES utf8 */;
/*!40103 SET @OLD_TIME_ZONE=@@TIME_ZONE */;
/*!40103 SET TIME_ZONE='+00:00' */;
/*!40014 SET @OLD_UNIQUE_CHECKS=@@UNIQUE_CHECKS, UNIQUE_CHECKS=0 */;
/*!40014 SET @OLD_FOREIGN_KEY_CHECKS=@@FOREIGN_KEY_CHECKS, FOREIGN_KEY_CHECKS=0 */;
/*!40101 SET @OLD_SQL_MODE=@@SQL_MODE, SQL_MODE='NO_AUTO_VALUE_ON_ZERO' */;
/*!40111 SET @OLD_SQL_NOTES=@@SQL_NOTES, SQL_NOTES=0 */;

--
-- Table structure for table `Category`
--

DROP TABLE IF EXISTS `Category`;
/*!40101 SET @saved_cs_client     = @@character_set_client */;
/*!40101 SET character_set_client = utf8 */;
CREATE TABLE `Category` (
  `id` int(11) NOT NULL AUTO_INCREMENT,
  `name` varchar(45) NOT NULL,
  PRIMARY KEY (`id`),
  UNIQUE KEY `name_UNIQUE` (`name`)
) ENGINE=InnoDB AUTO_INCREMENT=17 DEFAULT CHARSET=utf8;
/*!40101 SET character_set_client = @saved_cs_client */;

--
-- Dumping data for table `Category`
--

LOCK TABLES `Category` WRITE;
/*!40000 ALTER TABLE `Category` DISABLE KEYS */;
INSERT INTO `Category` VALUES (9,'C#dbadb'),(5,'C++'),(1,'Default'),(14,'English'),(16,'ewbewbwbw'),(7,'Haskell'),(2,'Java'),(4,'Perl'),(3,'Python'),(10,'Ruby'),(8,'Scala');
/*!40000 ALTER TABLE `Category` ENABLE KEYS */;
UNLOCK TABLES;

--
-- Table structure for table `Comment`
--

DROP TABLE IF EXISTS `Comment`;
/*!40101 SET @saved_cs_client     = @@character_set_client */;
/*!40101 SET character_set_client = utf8 */;
CREATE TABLE `Comment` (
  `id` int(11) NOT NULL AUTO_INCREMENT,
  `content` varchar(500) DEFAULT NULL,
  `quiz_id` int(11) DEFAULT NULL,
  `comment_id` int(11) DEFAULT NULL,
  `date` datetime NOT NULL DEFAULT '0000-00-00 00:00:00',
  `user_id` int(11) NOT NULL,
  PRIMARY KEY (`id`),
  KEY `fk_Comment_Quiz1` (`quiz_id`),
  KEY `fk_Comment_Comment1` (`comment_id`),
  KEY `fk_Comment_User1` (`user_id`),
  CONSTRAINT `fk_Comment_Comment1` FOREIGN KEY (`comment_id`) REFERENCES `Comment` (`id`) ON DELETE CASCADE,
  CONSTRAINT `fk_Comment_Quiz1` FOREIGN KEY (`quiz_id`) REFERENCES `Quiz` (`id`) ON DELETE NO ACTION ON UPDATE NO ACTION,
  CONSTRAINT `fk_Comment_User1` FOREIGN KEY (`user_id`) REFERENCES `User` (`id`) ON DELETE NO ACTION ON UPDATE NO ACTION
) ENGINE=InnoDB AUTO_INCREMENT=14 DEFAULT CHARSET=utf8;
/*!40101 SET character_set_client = @saved_cs_client */;

--
-- Dumping data for table `Comment`
--

LOCK TABLES `Comment` WRITE;
/*!40000 ALTER TABLE `Comment` DISABLE KEYS */;
INSERT INTO `Comment` VALUES (3,'Компилятор должен стоять в голове. Если программист надеется на IDE, то код он пишет значительно дольше ибо не понимает о чем он пишет, тупо сидит и перебирает варианты, пока IDE не перестанет подчеркивать.\r\nГоворят, что программист должен видеть решаемую проблему с высоты комплексной задачи, поставленной перед ним и чем больше высота, с которой он смотрит, тем быстрее и качественнее он кодирует. Разве я не праф?',60,NULL,'2013-12-15 23:15:30',1),(4,'Просто шикарный тест. По-сути тесты Java на этом сайте - большая база знаний по тонкостям языка и его библиотекам. Я, прочитав больше половины книги Шилдта, всё равно узнал очень и очень много. Жалко что нет функции \"генерация теста из тех вопросов, на которые ещё не отвечал\". А то часто попадаются ранее решённые и приходится гонять тест много раз, чтобы узнать что-то новое.',60,NULL,'2013-12-15 23:19:54',1),(5,'Здравствуйте, хочу добавить вопрос. Написано \" добавляйте вопросы через специальную форму на странице с описанием тестов\", не могу найти эту спецальную форму.',60,NULL,'2013-12-15 23:20:10',1),(6,'sagadsghadhgad',60,NULL,'2013-12-16 16:22:27',1),(7,'Здравствуйте, хочу добавить вопрос. Написано \" добавляйте вопросы через специальную форму на странице с описанием тестов\", не могу найти эту спецальную форму. ',46,NULL,'2013-12-16 16:22:49',1),(8,'Просто шикарный тест. По-сути тесты Java на этом сайте - большая база знаний по тонкостям языка и его библиотекам. Я, прочитав больше половины книги Шилдта, всё равно узнал очень и очень много. Жалко что нет функции \"генерация теста из тех вопросов, на которые ещё не отвечал\". А то часто попадаются ранее решённые и приходится гонять тест много раз, чтобы узнать что-то новое. ',46,NULL,'2013-12-16 16:22:57',1),(9,'Компилятор должен стоять в голове. Если программист надеется на IDE, то код он пишет значительно дольше ибо не понимает о чем он пишет, тупо сидит и перебирает варианты, пока IDE не перестанет подчеркивать. Говорят, что программист должен видеть решаемую проблему с высоты комплексной задачи, поставленной перед ним и чем больше высота, с которой он смотрит, тем быстрее и качественнее он кодирует. Разве я не праф? ',46,NULL,'2013-12-16 16:23:04',1),(10,'fsjasdfjs',56,NULL,'2013-12-16 16:23:43',1),(11,'Take free online classes from 80+ top universities and organizations. Coursera is a social entrepreneurship company partnering with Stanford University.',46,NULL,'2013-12-16 16:46:12',6),(12,'hbdbdabad',46,NULL,'2013-12-16 18:26:40',7),(13,'bdabads',58,NULL,'2013-12-16 18:32:49',1);
/*!40000 ALTER TABLE `Comment` ENABLE KEYS */;
UNLOCK TABLES;

--
-- Table structure for table `QuestionResult`
--

DROP TABLE IF EXISTS `QuestionResult`;
/*!40101 SET @saved_cs_client     = @@character_set_client */;
/*!40101 SET character_set_client = utf8 */;
CREATE TABLE `QuestionResult` (
  `id` int(11) NOT NULL AUTO_INCREMENT,
  `text` varchar(500) DEFAULT NULL,
  `image` blob,
  `isLatex` tinyint(1) NOT NULL,
  `cost` int(11) NOT NULL DEFAULT '0',
  `result` double NOT NULL DEFAULT '0',
  `quizResult_id` int(11) NOT NULL,
  `questionType_id` int(11) NOT NULL,
  PRIMARY KEY (`id`),
  KEY `fk_Question_TestType` (`questionType_id`),
  KEY `fk_QuestionResult_QuizResult1` (`quizResult_id`),
  CONSTRAINT `fk_QuestionResult_QuizResult1` FOREIGN KEY (`quizResult_id`) REFERENCES `QuizResult` (`id`) ON DELETE CASCADE ON UPDATE NO ACTION,
  CONSTRAINT `fk_Question_TestType00` FOREIGN KEY (`questionType_id`) REFERENCES `QuestionType` (`id`) ON DELETE NO ACTION ON UPDATE NO ACTION
) ENGINE=InnoDB AUTO_INCREMENT=804 DEFAULT CHARSET=utf8;
/*!40101 SET character_set_client = @saved_cs_client */;

--
-- Dumping data for table `QuestionResult`
--

LOCK TABLES `QuestionResult` WRITE;
/*!40000 ALTER TABLE `QuestionResult` DISABLE KEYS */;
INSERT INTO `QuestionResult` VALUES (13,'Question2',NULL,0,0,0,13,2),(14,'Question3',NULL,0,0,0,13,3),(15,'Question',NULL,0,0,0,13,1),(20,'Question3',NULL,0,0,0,20,3),(21,'Question2',NULL,0,0,0,20,2),(22,'Question',NULL,0,0,0,20,1),(23,'Question',NULL,0,0,0,21,1),(24,'Question2',NULL,0,0,0,21,2),(25,'Question3',NULL,0,0,0,21,3),(26,'Question',NULL,0,0,0,22,1),(27,'Question3',NULL,0,0,0,22,3),(28,'Question2',NULL,0,0,0,22,2),(29,'Question2',NULL,0,0,0,23,2),(30,'Question',NULL,0,0,0,23,1),(31,'Question3',NULL,0,0,0,23,3),(32,'Question',NULL,0,0,0,24,1),(33,'Question3',NULL,0,0,0,24,3),(34,'Question2',NULL,0,0,0,24,2),(35,'When we are sending data in URL in get method, how to separate separate path and parameter?',NULL,0,0,0,25,1),(36,'Who does controll life-cycle of a servlet? ',NULL,0,0,0,25,1),(37,'If req is a reference to an HttpServletRequest and there is no current session, what is true about req.getSession()? (Choose all that apply.)',NULL,0,0,0,25,2),(38,'If req is a reference to an HttpServletRequest and there is no current session, what is true about req.getSession()? (Choose all that apply.)',NULL,0,0,0,26,2),(39,'Who does controll life-cycle of a servlet? ',NULL,0,0,0,26,1),(40,'When we are sending data in URL in get method, how to separate separate path and parameter?',NULL,0,0,0,26,1),(41,'Question3',NULL,0,0,0,27,3),(42,'Question',NULL,0,0,0,27,1),(43,'Question2',NULL,0,0,0,27,2),(44,'Who does controll life-cycle of a servlet? ',NULL,0,1,0,28,1),(45,'If req is a reference to an HttpServletRequest and there is no current session, what is true about req.getSession()? (Choose all that apply.)',NULL,0,1,0,28,2),(46,'When we are sending data in URL in get method, how to separate separate path and parameter?',NULL,0,1,0,28,1),(47,'If req is a reference to an HttpServletRequest and there is no current session, what is true about req.getSession()? (Choose all that apply.)',NULL,0,1,0,29,2),(48,'When we are sending data in URL in get method, how to separate separate path and parameter?',NULL,0,1,0,29,1),(49,'Who does controll life-cycle of a servlet? ',NULL,0,1,0,29,1),(50,'????',NULL,0,1,0,30,1),(51,'Question',NULL,0,1,0,31,1),(52,'Question3',NULL,0,1,0,31,3),(53,'Question2',NULL,0,1,0,31,2),(54,'If req is a reference to an HttpServletRequest and there is no current session, what is true about req.getSession()? (Choose all that apply.)',NULL,0,1,0,32,2),(55,'When we are sending data in URL in get method, how to separate separate path and parameter?',NULL,0,1,0,32,1),(56,'Who does controll life-cycle of a servlet? ',NULL,0,1,0,32,1),(57,'????',NULL,0,1,0,33,1),(58,'Question2',NULL,0,1,0,34,2),(59,'Question3',NULL,0,1,0,34,3),(60,'Question',NULL,0,1,0,34,1),(61,'Question',NULL,0,1,0,35,1),(62,'Question3',NULL,0,1,0,35,3),(63,'Question2',NULL,0,1,0,35,2),(64,'Question3',NULL,0,1,0,36,3),(65,'Question2',NULL,0,1,0,36,2),(66,'Question',NULL,0,1,0,36,1),(67,'Question2',NULL,0,1,0,37,2),(68,'Question',NULL,0,1,0,37,1),(69,'Question3',NULL,0,3,0,37,3),(70,'Question3',NULL,0,3,0,38,3),(71,'Question2',NULL,0,1,0,38,2),(72,'Question',NULL,0,1,0,38,1),(73,'Question3',NULL,0,3,0,39,3),(74,'Question',NULL,0,1,0,39,1),(75,'Question2',NULL,0,1,0,39,2),(76,'Question',NULL,0,1,0,40,1),(77,'Question3',NULL,0,3,0,40,3),(78,'Question2',NULL,0,1,0,40,2),(79,'Question3',NULL,0,3,0,41,3),(80,'Question2',NULL,0,1,0,41,2),(81,'Question',NULL,0,1,0,41,1),(82,'Question2',NULL,0,1,0,42,2),(83,'Question',NULL,0,1,0,42,1),(84,'Question3',NULL,0,3,0,42,3),(85,'Question2',NULL,0,1,0,43,2),(86,'Question',NULL,0,1,0,43,1),(87,'Question3',NULL,0,3,0,43,3),(88,'Question2',NULL,0,1,0,44,2),(89,'Question3',NULL,0,3,0,44,3),(90,'Question',NULL,0,1,0,44,1),(91,'Question3',NULL,0,3,0,45,3),(92,'Question2',NULL,0,1,0,45,2),(93,'Question',NULL,0,1,0,45,1),(94,'Question3',NULL,0,3,0,46,3),(95,'Question2',NULL,0,1,0,46,2),(96,'Question',NULL,0,1,0,46,1),(97,'Question2',NULL,0,1,0,47,2),(98,'Question3',NULL,0,3,0,47,3),(99,'Question',NULL,0,1,0,47,1),(100,'Question',NULL,0,1,0,48,1),(101,'Question2',NULL,0,1,0,48,2),(102,'Question3',NULL,0,3,0,48,3),(103,'Question3',NULL,0,3,0,49,3),(104,'Question2',NULL,0,1,0,49,2),(105,'Question',NULL,0,1,0,49,1),(106,'Question3',NULL,0,3,0,50,3),(107,'Question',NULL,0,1,0,50,1),(108,'Question2',NULL,0,1,0,50,2),(109,'Question',NULL,0,1,0,51,1),(110,'Question2',NULL,0,1,0,51,2),(111,'Question3',NULL,0,3,0,51,3),(112,'Question3',NULL,0,3,0,52,3),(113,'Question',NULL,0,1,0,52,1),(114,'Question2',NULL,0,1,0,52,2),(115,'Question3',NULL,0,3,0,53,3),(116,'Question2',NULL,0,1,0,53,2),(117,'Question',NULL,0,1,0,53,1),(118,'Question2',NULL,0,1,0,54,2),(119,'Question',NULL,0,1,0,54,1),(120,'Question3',NULL,0,3,0,54,3),(121,'Question2',NULL,0,1,1,55,2),(122,'Question',NULL,0,1,1,55,1),(123,'Question3',NULL,0,3,0,55,3),(124,'Question3',NULL,0,3,3,56,3),(125,'Question2',NULL,0,1,1,56,2),(126,'Question',NULL,0,1,1,56,1),(127,'Question',NULL,0,1,1,57,1),(128,'Question3',NULL,0,3,3,57,3),(129,'Question2',NULL,0,1,0.5,57,2),(130,'Question',NULL,0,1,1,58,1),(131,'Question2',NULL,0,1,0,58,2),(132,'Question3',NULL,0,3,3,58,3),(133,'Question',NULL,0,1,0,59,1),(134,'Question3',NULL,0,3,0,59,3),(135,'Question2',NULL,0,1,0,59,2),(136,'Question3',NULL,0,3,0,60,3),(137,'Question',NULL,0,1,0,60,1),(138,'Question2',NULL,0,1,0,60,2),(139,'Question2',NULL,0,1,0,61,2),(140,'Question3',NULL,0,3,0,61,3),(141,'Question',NULL,0,1,0,61,1),(142,'Question2',NULL,0,1,0,62,2),(143,'Question',NULL,0,1,0,62,1),(144,'Question3',NULL,0,3,0,62,3),(145,'Question2',NULL,0,1,0,63,2),(146,'Question3',NULL,0,3,0,63,3),(147,'Question',NULL,0,1,0,63,1),(148,'Question2',NULL,0,1,1,64,2),(149,'Question',NULL,0,1,0,64,1),(150,'Question3',NULL,0,3,0,64,3),(151,'Question3',NULL,0,3,0,65,3),(152,'Question',NULL,0,1,0,65,1),(153,'Question2',NULL,0,1,1,65,2),(154,'Question3',NULL,0,3,0,66,3),(155,'Question2',NULL,0,1,0,66,2),(156,'Question',NULL,0,1,1,66,1),(157,'Question3',NULL,0,3,0,67,3),(158,'Question',NULL,0,1,1,67,1),(159,'Question2',NULL,0,1,0,67,2),(162,'Question3',NULL,0,3,0,69,3),(163,'Question',NULL,0,1,0,69,1),(164,'Question2',NULL,0,1,0,69,2),(165,'Question3',NULL,0,3,0,70,3),(166,'Question',NULL,0,1,0,70,1),(167,'Question2',NULL,0,1,0,70,2),(168,'Question2',NULL,0,1,0,71,2),(169,'Question3',NULL,0,3,0,71,3),(170,'Question',NULL,0,1,0,71,1),(171,'Question',NULL,0,1,0,72,1),(172,'Question2',NULL,0,1,0,72,2),(173,'Question3',NULL,0,3,0,72,3),(174,'Who does controll life-cycle of a servlet? ',NULL,0,1,0,73,1),(175,'When we are sending data in URL in get method, how to separate separate path and parameter?',NULL,0,1,0,73,1),(176,'If req is a reference to an HttpServletRequest and there is no current session, what is true about req.getSession()? (Choose all that apply.)',NULL,0,1,0,73,2),(177,'Who does controll life-cycle of a servlet? ',NULL,0,1,1,74,1),(178,'When we are sending data in URL in get method, how to separate separate path and parameter?',NULL,0,1,0,74,1),(179,'If req is a reference to an HttpServletRequest and there is no current session, what is true about req.getSession()? (Choose all that apply.)',NULL,0,1,0.3333333333333333,74,2),(180,'Question',NULL,0,1,0,75,1),(181,'Question2',NULL,0,1,0,75,2),(182,'Question3',NULL,0,3,0,75,3),(183,'Question3',NULL,0,3,0,76,3),(184,'Question2',NULL,0,1,0,76,2),(185,'Question',NULL,0,1,0,76,1),(186,'Who does controll life-cycle of a servlet? ',NULL,0,1,0,77,1),(187,'If req is a reference to an HttpServletRequest and there is no current session, what is true about req.getSession()? (Choose all that apply.)',NULL,0,1,0,77,2),(188,'When we are sending data in URL in get method, how to separate separate path and parameter?',NULL,0,1,0,77,1),(189,'Question3',NULL,0,3,0,78,3),(190,'Question2',NULL,0,1,1,78,2),(191,'Question',NULL,0,1,1,78,1),(192,'Question3',NULL,0,3,0,79,3),(193,'Question',NULL,0,1,1,79,1),(194,'Question2',NULL,0,1,0,79,2),(195,'Question4',NULL,0,1,0,80,2),(196,'Question3',NULL,0,3,0,80,3),(197,'Question2',NULL,0,1,0,80,2),(198,'Question',NULL,0,1,0,80,1),(199,'Question4',NULL,0,1,0,81,2),(200,'Question2',NULL,0,1,0,81,2),(201,'Question3',NULL,0,3,0,81,3),(202,'Question',NULL,0,1,0,81,1),(203,'Question3',NULL,0,2,0,82,3),(204,'Question2',NULL,0,1,0,82,2),(205,'Question',NULL,0,1,0,82,1),(206,'Question4',NULL,0,1,0,82,2),(207,'Which of the following interprets html code and renders webpages to user?',NULL,0,1,0,83,1),(208,'In which of these getAttibute() and setAttribute() method has defined?',NULL,0,1,0.3333333333333333,83,2),(209,'Which of the following are legal EL? (Choose all that apply)',NULL,0,1,0.3333333333333333,83,2),(210,'Which life cycle metod is called once in the servlet life?',NULL,0,1,0,83,1),(211,'Who does controll life-cycle of a servlet? ',NULL,0,1,0,83,1),(212,'Which statements about HTTP session support are true? (Choose all that apply)',NULL,0,1,1,83,2),(213,'What are the jobs of web-server? choose multiple answers.',NULL,0,1,0,83,2),(214,'Which of these statements are true about GenericServlet?',NULL,0,1,0.6666666666666666,83,2),(215,'If req is a reference to an HttpServletRequest and there is no current session, what is true about req.getSession()? (Choose all that apply.)',NULL,0,1,-0.3333333333333333,83,2),(216,'Which method redirect to resources to different servers internally?',NULL,0,1,0,83,1),(217,'When we are sending data in URL in get method, how to separate separate path and parameter?',NULL,0,1,0,83,1),(218,'Which method is called when client request come?',NULL,0,1,0,83,1),(219,'Which life cycle metod is called once in the servlet life?',NULL,0,1,1,84,1),(220,'Which method redirect to resources to different servers internally?',NULL,0,1,1,84,1),(221,'Which statements about HTTP session support are true? (Choose all that apply)',NULL,0,1,1,84,2),(222,'Which method is called when client request come?',NULL,0,1,1,84,1),(223,'Which of these statements are true about GenericServlet?',NULL,0,1,0.3333333333333333,84,2),(224,'Who does controll life-cycle of a servlet? ',NULL,0,1,0,84,1),(225,'In which of these getAttibute() and setAttribute() method has defined?',NULL,0,1,0,84,2),(226,'If req is a reference to an HttpServletRequest and there is no current session, what is true about req.getSession()? (Choose all that apply.)',NULL,0,1,0.3333333333333333,84,2),(227,'Which of the following interprets html code and renders webpages to user?',NULL,0,1,1,84,1),(228,'When we are sending data in URL in get method, how to separate separate path and parameter?',NULL,0,1,0,84,1),(229,'What are the jobs of web-server? choose multiple answers.',NULL,0,1,0.3333333333333333,84,2),(230,'Which of the following are legal EL? (Choose all that apply)',NULL,0,1,0.3333333333333333,84,2),(231,'Which of the following interprets html code and renders webpages to user?',NULL,0,1,0,85,1),(232,'Which method redirect to resources to different servers internally?',NULL,0,1,0,85,1),(233,'Which statements about HTTP session support are true? (Choose all that apply)',NULL,0,1,0,85,2),(234,'Which life cycle metod is called once in the servlet life?',NULL,0,1,0,85,1),(235,'Who does controll life-cycle of a servlet? ',NULL,0,1,0,85,1),(236,'If req is a reference to an HttpServletRequest and there is no current session, what is true about req.getSession()? (Choose all that apply.)',NULL,0,1,0,85,2),(237,'Which of the following are legal EL? (Choose all that apply)',NULL,0,1,0,85,2),(238,'Which of these statements are true about GenericServlet?',NULL,0,1,0,85,2),(239,'Which method is called when client request come?',NULL,0,1,0,85,1),(240,'What are the jobs of web-server? choose multiple answers.',NULL,0,1,0,85,2),(241,'Which method redirect to resources to different servers internally?',NULL,0,1,0,86,1),(242,'Which of these statements are true about GenericServlet?',NULL,0,1,0,86,2),(243,'Which of the following are legal EL? (Choose all that apply)',NULL,0,1,0,86,2),(244,'If req is a reference to an HttpServletRequest and there is no current session, what is true about req.getSession()? (Choose all that apply.)',NULL,0,1,0,86,2),(245,'What are the jobs of web-server? choose multiple answers.',NULL,0,1,0,86,2),(246,'Which of the following interprets html code and renders webpages to user?',NULL,0,1,0,86,1),(247,'Which life cycle metod is called once in the servlet life?',NULL,0,1,0,86,1),(248,'Which statements about HTTP session support are true? (Choose all that apply)',NULL,0,1,0,86,2),(249,'In which of these getAttibute() and setAttribute() method has defined?',NULL,0,1,0,86,2),(250,'Who does controll life-cycle of a servlet? ',NULL,0,1,0,86,1),(251,'Which of these statements are true about GenericServlet?',NULL,0,1,0,87,2),(252,'When we are sending data in URL in get method, how to separate separate path and parameter?',NULL,0,1,0,87,1),(253,'What are the jobs of web-server? choose multiple answers.',NULL,0,1,0.6666666666666666,87,2),(254,'Which of the following interprets html code and renders webpages to user?',NULL,0,1,0,87,1),(255,'Which method redirect to resources to different servers internally?',NULL,0,1,0,87,1),(256,'Who does controll life-cycle of a servlet? ',NULL,0,1,1,87,1),(257,'Which method is called when client request come?',NULL,0,1,1,87,1),(258,'Which statements about HTTP session support are true? (Choose all that apply)',NULL,0,1,0,87,2),(259,'Which of the following are legal EL? (Choose all that apply)',NULL,0,1,0,87,2),(260,'If req is a reference to an HttpServletRequest and there is no current session, what is true about req.getSession()? (Choose all that apply.)',NULL,0,1,0,87,2),(261,'Question',NULL,0,1,0,88,1),(262,'Question2',NULL,0,1,0,88,2),(263,'Question3',NULL,0,2,0,88,3),(264,'Who does controll life-cycle of a servlet? ',NULL,0,1,1,89,1),(265,'When we are sending data in URL in get method, how to separate separate path and parameter?',NULL,0,1,1,89,1),(266,'If req is a reference to an HttpServletRequest and there is no current session, what is true about req.getSession()? (Choose all that apply.)',NULL,0,1,-0.3333333333333333,89,2),(267,'What are the jobs of web-server? choose multiple answers.',NULL,0,1,0,89,2),(268,'Which of the following are legal EL? (Choose all that apply)',NULL,0,1,0.6666666666666666,89,2),(269,'Which method is called when client request come?',NULL,0,1,0,89,1),(270,'Which of these statements are true about GenericServlet?',NULL,0,1,0.3333333333333333,89,2),(271,'Which method redirect to resources to different servers internally?',NULL,0,1,1,89,1),(272,'Which statements about HTTP session support are true? (Choose all that apply)',NULL,0,1,0.3333333333333333,89,2),(273,'Which of the following interprets html code and renders webpages to user?',NULL,0,1,1,89,1),(274,'Which of the following are legal EL? (Choose all that apply)',NULL,0,1,0,90,2),(275,'What are the jobs of web-server? choose multiple answers.',NULL,0,1,0,90,2),(276,'Which statements about HTTP session support are true? (Choose all that apply)',NULL,0,1,0,90,2),(277,'Which method redirect to resources to different servers internally?',NULL,0,1,0,90,1),(278,'If req is a reference to an HttpServletRequest and there is no current session, what is true about req.getSession()? (Choose all that apply.)',NULL,0,1,0.3333333333333333,90,2),(279,'Which life cycle metod is called once in the servlet life?',NULL,0,1,0,90,1),(280,'Which method is called when client request come?',NULL,0,1,0,90,1),(281,'Who does controll life-cycle of a servlet? ',NULL,0,1,0,90,1),(282,'When we are sending data in URL in get method, how to separate separate path and parameter?',NULL,0,1,0,90,1),(283,'In which of these getAttibute() and setAttribute() method has defined?',NULL,0,1,0,90,2),(284,'Which of the following are legal EL? (Choose all that apply)',NULL,0,1,0,91,2),(285,'Which of these statements are true about GenericServlet?',NULL,0,1,0,91,2),(286,'Which of the following interprets html code and renders webpages to user?',NULL,0,1,0,91,1),(287,'Which life cycle metod is called once in the servlet life?',NULL,0,1,0,91,1),(288,'When we are sending data in URL in get method, how to separate separate path and parameter?',NULL,0,1,0,91,1),(289,'Which statements about HTTP session support are true? (Choose all that apply)',NULL,0,1,0,91,2),(290,'In which of these getAttibute() and setAttribute() method has defined?',NULL,0,1,0,91,2),(291,'If req is a reference to an HttpServletRequest and there is no current session, what is true about req.getSession()? (Choose all that apply.)',NULL,0,1,1,91,2),(292,'Which method is called when client request come?',NULL,0,1,0,91,1),(293,'What are the jobs of web-server? choose multiple answers.',NULL,0,1,0,91,2),(304,'Which method redirect to resources to different servers internally?',NULL,0,1,0,93,1),(305,'Which of the following are legal EL? (Choose all that apply)',NULL,0,1,0,93,2),(306,'Who does controll life-cycle of a servlet? ',NULL,0,1,0,93,1),(307,'What are the jobs of web-server? choose multiple answers.',NULL,0,1,0,93,2),(308,'In which of these getAttibute() and setAttribute() method has defined?',NULL,0,1,0,93,2),(309,'Which statements about HTTP session support are true? (Choose all that apply)',NULL,0,1,0,93,2),(310,'When we are sending data in URL in get method, how to separate separate path and parameter?',NULL,0,1,0,93,1),(311,'Which method is called when client request come?',NULL,0,1,0,93,1),(312,'If req is a reference to an HttpServletRequest and there is no current session, what is true about req.getSession()? (Choose all that apply.)',NULL,0,1,0,93,2),(313,'Which of the following interprets html code and renders webpages to user?',NULL,0,1,0,93,1),(314,'Which method is called when client request come?',NULL,0,3,0,94,1),(315,'Which life cycle metod is called once in the servlet life?',NULL,0,1,1,94,1),(316,'Who does controll life-cycle of a servlet? ',NULL,0,2,0,94,1),(317,'If req is a reference to an HttpServletRequest and there is no current session, what is true about req.getSession()? (Choose all that apply.)',NULL,0,1,0,94,2),(318,'Which statements about HTTP session support are true? (Choose all that apply)',NULL,0,1,0.3333333333333333,94,2),(319,'Which of these statements are true about GenericServlet?',NULL,0,1,0,94,2),(320,'What are the jobs of web-server? choose multiple answers.',NULL,0,1,0,94,2),(321,'In which of these getAttibute() and setAttribute() method has defined?',NULL,0,1,0,94,2),(322,'Which of the following interprets html code and renders webpages to user?',NULL,0,2,2,94,1),(323,'When we are sending data in URL in get method, how to separate separate path and parameter?',NULL,0,1,1,94,1),(324,'Question',NULL,0,1,0,95,1),(325,'Question2',NULL,0,1,0,95,2),(326,'Question3',NULL,0,2,0,95,3),(327,'Question',NULL,0,1,0,96,1),(328,'Question2',NULL,0,1,0,96,2),(329,'Question3',NULL,0,2,0,96,3),(330,'Question4',NULL,0,1,0,96,2),(331,'Question3',NULL,0,2,0,97,3),(332,'Question2',NULL,0,1,0,97,2),(333,'Question',NULL,0,1,0,97,1),(334,'Question4',NULL,0,1,0,97,2),(335,'Question2',NULL,0,1,1,98,2),(336,'Question5',NULL,0,1,1,98,1),(337,'Question3',NULL,0,2,0,98,3),(338,'Question4',NULL,0,1,1,98,2),(339,'Question4',NULL,0,1,0,99,2),(340,'Question5',NULL,0,1,0,99,1),(341,'Question3',NULL,0,2,0,99,3),(342,'Question',NULL,0,1,0,99,1),(343,'Question2',NULL,0,1,0,100,2),(344,'Question3',NULL,0,2,0,100,3),(345,'Question5',NULL,0,1,0,100,1),(346,'Question4',NULL,0,1,0,100,2),(347,'Question2',NULL,0,1,0,101,2),(348,'Question4',NULL,0,1,0,101,2),(349,'Question5',NULL,0,1,0,101,1),(350,'Question3',NULL,0,2,0,101,3),(351,'Question',NULL,0,1,0,102,1),(352,'Question3',NULL,0,2,0,102,3),(353,'Question5',NULL,0,1,0,102,1),(354,'Question4',NULL,0,1,0,102,2),(355,'Question4',NULL,0,1,0,103,2),(356,'Question3',NULL,0,2,0,103,3),(357,'Question',NULL,0,1,0,103,1),(358,'Question5',NULL,0,1,0,103,1),(359,'Question4',NULL,0,1,0,104,2),(360,'Question5',NULL,0,1,0,104,1),(361,'Question2',NULL,0,1,0,104,2),(362,'Question3',NULL,0,2,0,104,3),(363,'Question',NULL,0,1,0,105,1),(364,'Question2',NULL,0,1,0,105,2),(365,'Question5',NULL,0,1,0,105,1),(366,'Question3',NULL,0,2,0,105,3),(367,'Question4',NULL,0,1,0,105,2),(368,'Question',NULL,0,1,0,106,1),(369,'Question4',NULL,0,1,0,106,2),(370,'Question5',NULL,0,1,0,106,1),(371,'Question3',NULL,0,2,0,106,3),(372,'Question2',NULL,0,1,0,106,2),(373,'Question5',NULL,0,1,0,107,1),(374,'Question',NULL,0,1,0,107,1),(375,'Question4',NULL,0,1,1,107,2),(376,'Question3',NULL,0,2,0,107,3),(377,'Question2',NULL,0,1,0,107,2),(378,'Question5',NULL,0,1,0,108,1),(379,'Question2',NULL,0,1,0,108,2),(380,'Question',NULL,0,1,0,108,1),(381,'Question4',NULL,0,1,1,108,2),(382,'Question3',NULL,0,2,0,108,3),(383,'Question4',NULL,0,1,0,109,2),(384,'Question',NULL,0,1,0,109,1),(385,'Question3',NULL,0,2,2,109,3),(386,'Question5',NULL,0,1,0,109,1),(387,'Question2',NULL,0,1,0,109,2),(388,'Who does controll life-cycle of a servlet? ',NULL,0,2,0,110,1),(389,'Which of these statements are true about GenericServlet?',NULL,0,1,0.3333333333333333,110,2),(390,'Which of the following are legal EL? (Choose all that apply)',NULL,0,1,0.3333333333333333,110,2),(391,'What are the jobs of web-server? choose multiple answers.',NULL,0,1,0,110,2),(392,'Which method is called when client request come?',NULL,0,3,0,110,1),(393,'Which life cycle metod is called once in the servlet life?',NULL,0,1,1,110,1),(394,'When we are sending data in URL in get method, how to separate separate path and parameter?',NULL,0,1,0,110,1),(395,'Which statements about HTTP session support are true? (Choose all that apply)',NULL,0,1,0,110,2),(396,'In which of these getAttibute() and setAttribute() method has defined?',NULL,0,1,0.6666666666666666,110,2),(397,'Which of the following interprets html code and renders webpages to user?',NULL,0,2,0,110,1),(398,'Which of the following interprets html code and renders webpages to user?',NULL,0,2,0,111,1),(399,'In which of these getAttibute() and setAttribute() method has defined?',NULL,0,1,0.6666666666666666,111,2),(400,'If req is a reference to an HttpServletRequest and there is no current session, what is true about req.getSession()? (Choose all that apply.)',NULL,0,1,0.3333333333333333,111,2),(401,'Which life cycle metod is called once in the servlet life?',NULL,0,1,1,111,1),(402,'sdhsdhsdhsd',NULL,0,4,0,111,3),(403,'Which of these statements are true about GenericServlet?',NULL,0,1,0,111,2),(404,'Which statements about HTTP session support are true? (Choose all that apply)',NULL,0,1,0.6666666666666666,111,2),(405,'When we are sending data in URL in get method, how to separate separate path and parameter?',NULL,0,1,1,111,1),(406,'Which method is called when client request come?',NULL,0,3,0,111,1),(407,'Which of the following are legal EL? (Choose all that apply)',NULL,0,1,1,111,2),(408,'Which method redirect to resources to different servers internally?',NULL,0,1,1,112,1),(409,'Which of the following are legal EL? (Choose all that apply)',NULL,0,1,0.6666666666666666,112,2),(410,'In which of these getAttibute() and setAttribute() method has defined?',NULL,0,1,1,112,2),(411,'Which of these statements are true about GenericServlet?',NULL,0,1,0.3333333333333333,112,2),(412,'Who does controll life-cycle of a servlet? ',NULL,0,2,0,112,1),(413,'When we are sending data in URL in get method, how to separate separate path and parameter?',NULL,0,1,1,112,1),(414,'Which statements about HTTP session support are true? (Choose all that apply)',NULL,0,1,0.3333333333333333,112,2),(415,'Which of the following interprets html code and renders webpages to user?',NULL,0,2,2,112,1),(416,'If req is a reference to an HttpServletRequest and there is no current session, what is true about req.getSession()? (Choose all that apply.)',NULL,0,1,0.3333333333333333,112,2),(417,'Which method is called when client request come?',NULL,0,3,0,112,1),(418,'What are the jobs of web-server? choose multiple answers.',NULL,0,1,0.3333333333333333,112,2),(419,'Which life cycle metod is called once in the servlet life?',NULL,0,1,1,112,1),(420,'sdhsdhsdhsd',NULL,0,4,4,112,3),(421,'Question4',NULL,0,1,0,113,2),(422,'Question2',NULL,0,1,0,113,2),(423,'Question5',NULL,0,1,1,113,1),(424,'Question3',NULL,0,2,0,113,3),(425,'Question',NULL,0,1,1,113,1),(426,'Which method redirect to resources to different servers internally?',NULL,0,1,1,114,1),(427,'Who does controll life-cycle of a servlet? ',NULL,0,2,0,114,1),(428,'sdhsdhsdhsd',NULL,0,4,0,114,3),(429,'Which statements about HTTP session support are true? (Choose all that apply)',NULL,0,1,0,114,2),(430,'What are the jobs of web-server? choose multiple answers.',NULL,0,1,0,114,2),(431,'Which of the following interprets html code and renders webpages to user?',NULL,0,2,0,114,1),(432,'When we are sending data in URL in get method, how to separate separate path and parameter?',NULL,0,1,0,114,1),(433,'In which of these getAttibute() and setAttribute() method has defined?',NULL,0,1,0,114,2),(434,'Which of these statements are true about GenericServlet?',NULL,0,1,0,114,2),(435,'If req is a reference to an HttpServletRequest and there is no current session, what is true about req.getSession()? (Choose all that apply.)',NULL,0,1,0,114,2),(436,'Which of the following are legal EL? (Choose all that apply)',NULL,0,1,0,114,2),(437,'Which method is called when client request come?',NULL,0,3,0,114,1),(438,'Which life cycle metod is called once in the servlet life?',NULL,0,1,0,114,1),(439,'Which of the following are legal EL? (Choose all that apply)',NULL,0,1,0,115,2),(440,'What are the jobs of web-server? choose multiple answers.',NULL,0,1,0,115,2),(441,'Which method redirect to resources to different servers internally?',NULL,0,1,0,115,1),(442,'In which of these getAttibute() and setAttribute() method has defined?',NULL,0,1,0,115,2),(443,'If req is a reference to an HttpServletRequest and there is no current session, what is true about req.getSession()? (Choose all that apply.)',NULL,0,1,0,115,2),(444,'Which statements about HTTP session support are true? (Choose all that apply)',NULL,0,1,0,115,2),(445,'Which of the following interprets html code and renders webpages to user?',NULL,0,2,0,115,1),(446,'When we are sending data in URL in get method, how to separate separate path and parameter?',NULL,0,1,0,115,1),(447,'Which method is called when client request come?',NULL,0,3,0,115,1),(448,'sdhsdhsdhsd',NULL,0,4,0,115,3),(449,'Which of these statements are true about GenericServlet?',NULL,0,1,0,115,2),(450,'Who does controll life-cycle of a servlet? ',NULL,0,2,0,115,1),(451,'Which life cycle metod is called once in the servlet life?',NULL,0,1,1,115,1),(452,'Which of the following interprets html code and renders webpages to user?',NULL,0,2,2,116,1),(453,'Which method redirect to resources to different servers internally?',NULL,0,1,0,116,1),(454,'When we are sending data in URL in get method, how to separate separate path and parameter?',NULL,0,1,0,116,1),(455,'Which statements about HTTP session support are true? (Choose all that apply)',NULL,0,1,0,116,2),(456,'If req is a reference to an HttpServletRequest and there is no current session, what is true about req.getSession()? (Choose all that apply.)',NULL,0,1,0,116,2),(457,'In which of these getAttibute() and setAttribute() method has defined?',NULL,0,1,0,116,2),(458,'Who does controll life-cycle of a servlet? ',NULL,0,2,0,116,1),(459,'Which of these statements are true about GenericServlet?',NULL,0,1,0,116,2),(460,'Which method is called when client request come?',NULL,0,3,0,116,1),(461,'Which of the following are legal EL? (Choose all that apply)',NULL,0,1,0,116,2),(462,'sdhsdhsdhsd',NULL,0,4,0,116,3),(463,'What are the jobs of web-server? choose multiple answers.',NULL,0,1,0,116,2),(464,'Which life cycle metod is called once in the servlet life?',NULL,0,1,1,116,1),(465,'Question4',NULL,0,1,0,117,2),(466,'Question5',NULL,0,1,0,117,1),(467,'Question3',NULL,0,2,0,117,3),(468,'Question',NULL,0,1,0,117,1),(469,'Question2',NULL,0,1,0,117,2),(470,'Question2',NULL,0,1,1,118,2),(471,'Question',NULL,0,1,1,118,1),(472,'Question4',NULL,0,1,0,118,2),(473,'Question3',NULL,0,2,0,118,3),(474,'Question5',NULL,0,1,0,118,1),(475,'What is the result of this code? \r\n\r\na = {(1,2):1,(2,3):2}\r\na[1,2] ',NULL,0,1,0,119,1),(476,'What will be placed in a? \r\n\r\na = 2,3',NULL,0,1,0,119,1),(477,'What is the result of this code? \r\n\r\na = {\'a\':1,\'b\':2,\'c\':3}\r\na[\'a\',\'b\'] ',NULL,0,1,0,119,1),(478,'What will be placed in a? \r\n\r\na = {\'a\': 1,\'b\':2, \'a\':3} ',NULL,0,1,1,119,1),(479,'Question3',NULL,0,2,0,120,3),(480,'Question',NULL,0,1,0,120,1),(481,'Question4',NULL,0,1,0,120,2),(482,'Question2',NULL,0,1,0,120,2),(483,'Question5',NULL,0,1,0,120,1),(484,'Question4',NULL,0,1,0,121,2),(485,'Question5',NULL,0,1,0,121,1),(486,'Question3',NULL,0,2,0,121,3),(487,'Question',NULL,0,1,0,121,1),(488,'Question2',NULL,0,1,0.5,121,2),(489,'Question2',NULL,0,1,0,122,2),(490,'Question3',NULL,0,2,0,122,3),(491,'Question',NULL,0,1,0,122,1),(492,'Question5',NULL,0,1,0,122,1),(493,'Question4',NULL,0,1,0,122,2),(494,'Question5',NULL,0,1,0,123,1),(495,'Question4',NULL,0,1,0,123,2),(496,'Question3',NULL,0,2,0,123,3),(497,'Question2',NULL,0,1,0,123,2),(498,'Question',NULL,0,1,0,123,1),(499,'Which of these statements are true about GenericServlet?',NULL,0,1,1,124,2),(500,'Which life cycle metod is called once in the servlet life?',NULL,0,1,0,124,1),(501,'sdhsdhsdhsd',NULL,0,4,0,124,3),(502,'What are the jobs of web-server? choose multiple answers.',NULL,0,1,1,124,2),(503,'Which method redirect to resources to different servers internally?',NULL,0,1,1,124,1),(504,'In which of these getAttibute() and setAttribute() method has defined?',NULL,0,1,0.6666666666666666,124,2),(505,'Who does controll life-cycle of a servlet? ',NULL,0,2,0,124,1),(506,'When we are sending data in URL in get method, how to separate separate path and parameter?',NULL,0,1,1,124,1),(507,'Which of the following interprets html code and renders webpages to user?',NULL,0,2,2,124,1),(508,'Which method is called when client request come?',NULL,0,3,3,124,1),(509,'Which statements about HTTP session support are true? (Choose all that apply)',NULL,0,1,0.3333333333333333,124,2),(510,'Which of the following are legal EL? (Choose all that apply)',NULL,0,1,1,124,2),(511,'If req is a reference to an HttpServletRequest and there is no current session, what is true about req.getSession()? (Choose all that apply.)',NULL,0,1,0,124,2),(512,'Which of the following interprets html code and renders webpages to user?',NULL,0,2,0,125,1),(513,'When we are sending data in URL in get method, how to separate separate path and parameter?',NULL,0,1,0,125,1),(514,'Which of these statements are true about GenericServlet?',NULL,0,1,0,125,2),(515,'Which method redirect to resources to different servers internally?',NULL,0,1,0,125,1),(516,'Which of the following are legal EL? (Choose all that apply)',NULL,0,1,0,125,2),(517,'Who does controll life-cycle of a servlet? ',NULL,0,2,0,125,1),(518,'If req is a reference to an HttpServletRequest and there is no current session, what is true about req.getSession()? (Choose all that apply.)',NULL,0,1,0,125,2),(519,'Which life cycle metod is called once in the servlet life?',NULL,0,1,0,125,1),(520,'In which of these getAttibute() and setAttribute() method has defined?',NULL,0,1,0,125,2),(521,'Which method is called when client request come?',NULL,0,3,0,125,1),(522,'Which statements about HTTP session support are true? (Choose all that apply)',NULL,0,1,0,125,2),(523,'What are the jobs of web-server? choose multiple answers.',NULL,0,1,0,125,2),(524,'When we are sending data in URL in get method, how to separate separate path and parameter?',NULL,0,1,0,126,1),(525,'Which statements about HTTP session support are true? (Choose all that apply)',NULL,0,1,0,126,2),(526,'Which method is called when client request come?',NULL,0,3,3,126,1),(527,'Who does controll life-cycle of a servlet? ',NULL,0,2,0,126,1),(528,'Which method redirect to resources to different servers internally?',NULL,0,1,0,126,1),(529,'In which of these getAttibute() and setAttribute() method has defined?',NULL,0,1,0,126,2),(530,'What are the jobs of web-server? choose multiple answers.',NULL,0,1,0.3333333333333333,126,2),(531,'Which life cycle metod is called once in the servlet life?',NULL,0,1,0,126,1),(532,'Which of the following interprets html code and renders webpages to user?',NULL,0,2,0,126,1),(533,'If req is a reference to an HttpServletRequest and there is no current session, what is true about req.getSession()? (Choose all that apply.)',NULL,0,1,1,126,2),(534,'Which of the following are legal EL? (Choose all that apply)',NULL,0,1,0,126,2),(535,'Which of these statements are true about GenericServlet?',NULL,0,1,0,126,2),(536,'What is the result of this code? \r\n\r\na = {(1,2):1,(2,3):2}\r\na[1,2] ',NULL,0,1,0,127,1),(537,'How to assign a tuple of length 1 to a? ',NULL,0,1,0,127,1),(538,'What will be placed in a? \r\n\r\na = 2,3',NULL,0,1,0,127,1),(539,'What will be placed in a? \r\n\r\na = {\'a\': 1,\'b\':2, \'a\':3} ',NULL,0,1,0,127,1),(540,'What is the result of this code? \r\n\r\na = {\'a\':1,\'b\':2,\'c\':3}\r\na[\'a\',\'b\'] ',NULL,0,1,0,128,1),(541,'What will be placed in a? \r\n\r\na = {\'a\': 1,\'b\':2, \'a\':3} ',NULL,0,1,0,128,1),(542,'What will be placed in a? \r\n\r\na = 2,3',NULL,0,1,0,128,1),(543,'What is the result of this code? \r\n\r\na = {(1,2):1,(2,3):2}\r\na[1,2] ',NULL,0,1,0,128,1),(544,'What will be placed in a? \r\n\r\na = 2,3',NULL,0,1,1,129,1),(545,'What is the result of this code? \r\n\r\na = {\'a\':1,\'b\':2,\'c\':3}\r\na[\'a\',\'b\'] ',NULL,0,1,0,129,1),(546,'What is the result of this code? \r\n\r\na = {(1,2):1,(2,3):2}\r\na[1,2] ',NULL,0,1,0,129,1),(547,'What will be placed in a? \r\n\r\na = {\'a\': 1,\'b\':2, \'a\':3} ',NULL,0,1,0,129,1),(548,'What is the result of this code? \r\n\r\na = {(1,2):1,(2,3):2}\r\na[1,2] ',NULL,0,1,0,130,1),(549,'What will be placed in a? \r\n\r\na = {\'a\': 1,\'b\':2, \'a\':3} ',NULL,0,1,0,130,1),(550,'What will be placed in a? \r\n\r\na = 2,3',NULL,0,1,1,130,1),(551,'How to assign a tuple of length 1 to a? ',NULL,0,1,1,130,1),(552,'What is the result of this code? \r\n\r\na = {\'a\':1,\'b\':2,\'c\':3}\r\na[\'a\',\'b\'] ',NULL,0,1,0,131,1),(553,'How to assign a tuple of length 1 to a? ',NULL,0,1,1,131,1),(554,'What will be placed in a? \r\n\r\na = {\'a\': 1,\'b\':2, \'a\':3} ',NULL,0,1,0,131,1),(555,'What will be placed in a? \r\n\r\na = 2,3',NULL,0,1,1,131,1),(556,'What will be placed in a? \r\n\r\na = {\'a\': 1,\'b\':2, \'a\':3} ',NULL,0,1,0,132,1),(557,'What is the result of this code? \r\n\r\na = {\'a\':1,\'b\':2,\'c\':3}\r\na[\'a\',\'b\'] ',NULL,0,1,0,132,1),(558,'What will be placed in a? \r\n\r\na = 2,3',NULL,0,1,0,132,1),(559,'How to assign a tuple of length 1 to a? ',NULL,0,1,0,132,1),(560,'How to assign a tuple of length 1 to a? ',NULL,0,1,0,133,1),(561,'What is the result of this code? \r\n\r\na = {\'a\':1,\'b\':2,\'c\':3}\r\na[\'a\',\'b\'] ',NULL,0,1,0,133,1),(562,'What is the result of this code? \r\n\r\na = {(1,2):1,(2,3):2}\r\na[1,2] ',NULL,0,1,0,133,1),(563,'What will be placed in a? \r\n\r\na = 2,3',NULL,0,1,0,133,1),(564,'What is the result of this code? \r\n\r\na = {(1,2):1,(2,3):2}\r\na[1,2] ',NULL,0,1,0,134,1),(565,'What will be placed in a? \r\n\r\na = {\'a\': 1,\'b\':2, \'a\':3} ',NULL,0,1,0,134,1),(566,'What is the result of this code? \r\n\r\na = {\'a\':1,\'b\':2,\'c\':3}\r\na[\'a\',\'b\'] ',NULL,0,1,0,134,1),(567,'What will be placed in a? \r\n\r\na = 2,3',NULL,0,1,0,134,1),(568,'What is the result of this code? \r\n\r\na = {(1,2):1,(2,3):2}\r\na[1,2] ',NULL,0,1,0,135,1),(569,'What will be placed in a? \r\n\r\na = 2,3',NULL,0,1,0,135,1),(570,'What is the result of this code? \r\n\r\na = {\'a\':1,\'b\':2,\'c\':3}\r\na[\'a\',\'b\'] ',NULL,0,1,0,135,1),(571,'How to assign a tuple of length 1 to a? ',NULL,0,1,0,135,1),(572,'What will be placed in a? \r\n\r\na = {\'a\': 1,\'b\':2, \'a\':3} ',NULL,0,1,0,136,1),(573,'What is the result of this code? \r\n\r\na = {(1,2):1,(2,3):2}\r\na[1,2] ',NULL,0,1,0,136,1),(574,'What is the result of this code? \r\n\r\na = {\'a\':1,\'b\':2,\'c\':3}\r\na[\'a\',\'b\'] ',NULL,0,1,0,136,1),(575,'What will be placed in a? \r\n\r\na = 2,3',NULL,0,1,0,136,1),(576,'What will be placed in a? \r\n\r\na = {\'a\': 1,\'b\':2, \'a\':3} ',NULL,0,1,0,137,1),(577,'What will be placed in a? \r\n\r\na = 2,3',NULL,0,1,0,137,1),(578,'How to assign a tuple of length 1 to a? ',NULL,0,1,1,137,1),(579,'What is the result of this code? \r\n\r\na = {\'a\':1,\'b\':2,\'c\':3}\r\na[\'a\',\'b\'] ',NULL,0,1,0,137,1),(580,'How to assign a tuple of length 1 to a? ',NULL,0,1,0,138,1),(581,'What is the result of this code? \r\n\r\na = {\'a\':1,\'b\':2,\'c\':3}\r\na[\'a\',\'b\'] ',NULL,0,1,1,138,1),(582,'What will be placed in a? \r\n\r\na = 2,3',NULL,0,1,1,138,1),(583,'What is the result of this code? \r\n\r\na = {(1,2):1,(2,3):2}\r\na[1,2] ',NULL,0,1,0,138,1),(584,'What is the result of this code? \r\n\r\na = {(1,2):1,(2,3):2}\r\na[1,2] ',NULL,0,1,0,139,1),(585,'How to assign a tuple of length 1 to a? ',NULL,0,1,0,139,1),(586,'What will be placed in a? \r\n\r\na = {\'a\': 1,\'b\':2, \'a\':3} ',NULL,0,1,0,139,1),(587,'What will be placed in a? \r\n\r\na = 2,3',NULL,0,1,1,139,1),(588,'What is the result of this code? \r\n\r\na = {\'a\':1,\'b\':2,\'c\':3}\r\na[\'a\',\'b\'] ',NULL,0,1,0,140,1),(589,'How to assign a tuple of length 1 to a? ',NULL,0,1,0,140,1),(590,'What will be placed in a? \r\n\r\na = {\'a\': 1,\'b\':2, \'a\':3} ',NULL,0,1,0,140,1),(591,'What will be placed in a? \r\n\r\na = 2,3',NULL,0,1,0,140,1),(592,'How to assign a tuple of length 1 to a? ',NULL,0,1,0,141,1),(593,'What will be placed in a? \r\n\r\na = 2,3',NULL,0,1,0,141,1),(594,'What is the result of this code? \r\n\r\na = {(1,2):1,(2,3):2}\r\na[1,2] ',NULL,0,1,0,141,1),(595,'What will be placed in a? \r\n\r\na = {\'a\': 1,\'b\':2, \'a\':3} ',NULL,0,1,0,141,1),(596,'What will be placed in a? \r\n\r\na = {\'a\': 1,\'b\':2, \'a\':3} ',NULL,0,1,0,142,1),(597,'What will be placed in a? \r\n\r\na = 2,3',NULL,0,1,0,142,1),(598,'What is the result of this code? \r\n\r\na = {(1,2):1,(2,3):2}\r\na[1,2] ',NULL,0,1,0,142,1),(599,'What is the result of this code? \r\n\r\na = {\'a\':1,\'b\':2,\'c\':3}\r\na[\'a\',\'b\'] ',NULL,0,1,0,142,1),(600,'What is the result of this code? \r\n\r\na = {\'a\':1,\'b\':2,\'c\':3}\r\na[\'a\',\'b\'] ',NULL,0,1,1,143,1),(601,'How to assign a tuple of length 1 to a? ',NULL,0,1,0,143,1),(602,'What is the result of this code? \r\n\r\na = {(1,2):1,(2,3):2}\r\na[1,2] ',NULL,0,1,0,143,1),(603,'What will be placed in a? \r\n\r\na = {\'a\': 1,\'b\':2, \'a\':3} ',NULL,0,1,0,143,1),(604,'What will be placed in a? \r\n\r\na = {\'a\': 1,\'b\':2, \'a\':3} ',NULL,0,1,0,144,1),(605,'What is the result of this code? \r\n\r\na = {(1,2):1,(2,3):2}\r\na[1,2] ',NULL,0,1,0,144,1),(606,'What is the result of this code? \r\n\r\na = {\'a\':1,\'b\':2,\'c\':3}\r\na[\'a\',\'b\'] ',NULL,0,1,0,144,1),(607,'What will be placed in a? \r\n\r\na = 2,3',NULL,0,1,0,144,1),(608,'What is the result of this code? \r\n\r\na = {(1,2):1,(2,3):2}\r\na[1,2] ',NULL,0,1,0,145,1),(609,'What will be placed in a? \r\n\r\na = 2,3',NULL,0,1,0,145,1),(610,'What will be placed in a? \r\n\r\na = {\'a\': 1,\'b\':2, \'a\':3} ',NULL,0,1,0,145,1),(611,'How to assign a tuple of length 1 to a? ',NULL,0,1,0,145,1),(612,'What is the result of this code? \r\n\r\na = {\'a\':1,\'b\':2,\'c\':3}\r\na[\'a\',\'b\'] ',NULL,0,1,1,146,1),(613,'How to assign a tuple of length 1 to a? ',NULL,0,1,0,146,1),(614,'What will be placed in a? \r\n\r\na = 2,3',NULL,0,1,0,146,1),(615,'What is the result of this code? \r\n\r\na = {(1,2):1,(2,3):2}\r\na[1,2] ',NULL,0,1,0,146,1),(616,'How to assign a tuple of length 1 to a? ',NULL,0,1,0,147,1),(617,'What will be placed in a? \r\n\r\na = {\'a\': 1,\'b\':2, \'a\':3} ',NULL,0,1,0,147,1),(618,'What is the result of this code? \r\n\r\na = {(1,2):1,(2,3):2}\r\na[1,2] ',NULL,0,1,0,147,1),(619,'What will be placed in a? \r\n\r\na = 2,3',NULL,0,1,0,147,1),(620,'What is the result of this code? \r\n\r\na = {\'a\':1,\'b\':2,\'c\':3}\r\na[\'a\',\'b\'] ',NULL,0,1,0,148,1),(621,'What will be placed in a? \r\n\r\na = {\'a\': 1,\'b\':2, \'a\':3} ',NULL,0,1,0,148,1),(622,'What will be placed in a? \r\n\r\na = 2,3',NULL,0,1,0,148,1),(623,'What is the result of this code? \r\n\r\na = {(1,2):1,(2,3):2}\r\na[1,2] ',NULL,0,1,0,148,1),(624,'What will be placed in a? \r\n\r\na = 2,3',NULL,0,1,0,149,1),(625,'What is the result of this code? \r\n\r\na = {(1,2):1,(2,3):2}\r\na[1,2] ',NULL,0,1,0,149,1),(626,'How to assign a tuple of length 1 to a? ',NULL,0,1,0,149,1),(627,'What will be placed in a? \r\n\r\na = {\'a\': 1,\'b\':2, \'a\':3} ',NULL,0,1,0,149,1),(628,'What will be placed in a? \r\n\r\na = {\'a\': 1,\'b\':2, \'a\':3} ',NULL,0,1,0,150,1),(629,'What will be placed in a? \r\n\r\na = 2,3',NULL,0,1,0,150,1),(630,'How to assign a tuple of length 1 to a? ',NULL,0,1,0,150,1),(631,'What is the result of this code? \r\n\r\na = {(1,2):1,(2,3):2}\r\na[1,2] ',NULL,0,1,0,150,1),(632,'How to assign a tuple of length 1 to a? ',NULL,0,1,0,151,1),(633,'What is the result of this code? \r\n\r\na = {\'a\':1,\'b\':2,\'c\':3}\r\na[\'a\',\'b\'] ',NULL,0,1,0,151,1),(634,'What will be placed in a? \r\n\r\na = 2,3',NULL,0,1,0,151,1),(635,'What is the result of this code? \r\n\r\na = {(1,2):1,(2,3):2}\r\na[1,2] ',NULL,0,1,0,151,1),(636,'What will be placed in a? \r\n\r\na = 2,3',NULL,0,1,0,152,1),(637,'What will be placed in a? \r\n\r\na = {\'a\': 1,\'b\':2, \'a\':3} ',NULL,0,1,0,152,1),(638,'What is the result of this code? \r\n\r\na = {(1,2):1,(2,3):2}\r\na[1,2] ',NULL,0,1,0,152,1),(639,'What is the result of this code? \r\n\r\na = {\'a\':1,\'b\':2,\'c\':3}\r\na[\'a\',\'b\'] ',NULL,0,1,0,152,1),(640,'Which of the following interprets html code and renders webpages to user?',NULL,0,2,0,153,1),(641,'Which of the following are legal EL? (Choose all that apply)',NULL,0,1,0,153,2),(642,'Who does controll life-cycle of a servlet? ',NULL,0,2,0,153,1),(643,'What are the jobs of web-server? choose multiple answers.',NULL,0,1,0,153,2),(644,'Which method redirect to resources to different servers internally?',NULL,0,1,0,153,1),(645,'In which of these getAttibute() and setAttribute() method has defined?',NULL,0,1,0,153,2),(646,'When we are sending data in URL in get method, how to separate separate path and parameter?',NULL,0,1,0,153,1),(647,'Which method is called when client request come?',NULL,0,3,0,153,1),(648,'Which life cycle metod is called once in the servlet life?',NULL,0,1,0,153,1),(649,'Which statements about HTTP session support are true? (Choose all that apply)',NULL,0,1,0,153,2),(650,'If req is a reference to an HttpServletRequest and there is no current session, what is true about req.getSession()? (Choose all that apply.)',NULL,0,1,0,153,2),(651,'Which of these statements are true about GenericServlet?',NULL,0,1,0,153,2),(652,'What is the result of this code? \r\n\r\na = {(1,2):1,(2,3):2}\r\na[1,2] ',NULL,0,1,0,154,1),(653,'What will be placed in a? \r\n\r\na = {\'a\': 1,\'b\':2, \'a\':3} ',NULL,0,1,0,154,1),(654,'What is the result of this code? \r\n\r\na = {\'a\':1,\'b\':2,\'c\':3}\r\na[\'a\',\'b\'] ',NULL,0,1,0,154,1),(655,'What will be placed in a? \r\n\r\na = 2,3',NULL,0,1,0,154,1),(656,'How to assign a tuple of length 1 to a? ',NULL,0,1,0,155,1),(657,'What is the result of this code? \r\n\r\na = {(1,2):1,(2,3):2}\r\na[1,2] ',NULL,0,1,0,155,1),(658,'What is the result of this code? \r\n\r\na = {\'a\':1,\'b\':2,\'c\':3}\r\na[\'a\',\'b\'] ',NULL,0,1,0,155,1),(659,'What will be placed in a? \r\n\r\na = {\'a\': 1,\'b\':2, \'a\':3} ',NULL,0,1,0,155,1),(660,'How to assign a tuple of length 1 to a? ',NULL,0,1,0,156,1),(661,'What will be placed in a? \r\n\r\na = {\'a\': 1,\'b\':2, \'a\':3} ',NULL,0,1,0,156,1),(662,'What is the result of this code? \r\n\r\na = {(1,2):1,(2,3):2}\r\na[1,2] ',NULL,0,1,0,156,1),(663,'What will be placed in a? \r\n\r\na = 2,3',NULL,0,1,0,156,1),(664,'What is the result of this code? \r\n\r\na = {\'a\':1,\'b\':2,\'c\':3}\r\na[\'a\',\'b\'] ',NULL,0,1,0,157,1),(665,'What will be placed in a? \r\n\r\na = {\'a\': 1,\'b\':2, \'a\':3} ',NULL,0,1,0,157,1),(666,'How to assign a tuple of length 1 to a? ',NULL,0,1,0,157,1),(667,'What will be placed in a? \r\n\r\na = 2,3',NULL,0,1,0,157,1),(668,'What is the result of this code? \r\n\r\na = {\'a\':1,\'b\':2,\'c\':3}\r\na[\'a\',\'b\'] ',NULL,0,1,0,158,1),(669,'How to assign a tuple of length 1 to a? ',NULL,0,1,0,158,1),(670,'What will be placed in a? \r\n\r\na = {\'a\': 1,\'b\':2, \'a\':3} ',NULL,0,1,0,158,1),(671,'What will be placed in a? \r\n\r\na = 2,3',NULL,0,1,0,158,1),(672,'What will be placed in a? \r\n\r\na = {\'a\': 1,\'b\':2, \'a\':3} ',NULL,0,1,0,159,1),(673,'What will be placed in a? \r\n\r\na = 2,3',NULL,0,1,1,159,1),(674,'What is the result of this code? \r\n\r\na = {(1,2):1,(2,3):2}\r\na[1,2] ',NULL,0,1,0,159,1),(675,'How to assign a tuple of length 1 to a? ',NULL,0,1,0,159,1),(676,'How to assign a tuple of length 1 to a? ',NULL,0,1,0,160,1),(677,'What will be placed in a? \r\n\r\na = {\'a\': 1,\'b\':2, \'a\':3} ',NULL,0,1,0,160,1),(678,'What is the result of this code? \r\n\r\na = {\'a\':1,\'b\':2,\'c\':3}\r\na[\'a\',\'b\'] ',NULL,0,1,1,160,1),(679,'What is the result of this code? \r\n\r\na = {(1,2):1,(2,3):2}\r\na[1,2] ',NULL,0,1,0,160,1),(680,'What is the result of this code? \r\n\r\na = {(1,2):1,(2,3):2}\r\na[1,2] ',NULL,0,1,0,161,1),(681,'What will be placed in a? \r\n\r\na = 2,3',NULL,0,1,1,161,1),(682,'How to assign a tuple of length 1 to a? ',NULL,0,1,0,161,1),(683,'What is the result of this code? \r\n\r\na = {\'a\':1,\'b\':2,\'c\':3}\r\na[\'a\',\'b\'] ',NULL,0,1,1,161,1),(684,'What will be placed in a? \r\n\r\na = 2,3',NULL,0,1,0,162,1),(685,'What is the result of this code? \r\n\r\na = {\'a\':1,\'b\':2,\'c\':3}\r\na[\'a\',\'b\'] ',NULL,0,1,1,162,1),(686,'How to assign a tuple of length 1 to a? ',NULL,0,1,1,162,1),(687,'What will be placed in a? \r\n\r\na = {\'a\': 1,\'b\':2, \'a\':3} ',NULL,0,1,0,162,1),(688,'What will be placed in a? \r\n\r\na = 2,3',NULL,0,1,0,163,1),(689,'What will be placed in a? \r\n\r\na = {\'a\': 1,\'b\':2, \'a\':3} ',NULL,0,1,0,163,1),(690,'What is the result of this code? \r\n\r\na = {(1,2):1,(2,3):2}\r\na[1,2] ',NULL,0,1,0,163,1),(691,'How to assign a tuple of length 1 to a? ',NULL,0,1,0,163,1),(692,'Which of the following are legal EL? (Choose all that apply)',NULL,0,1,0.3333333333333333,164,2),(693,'Which statements about HTTP session support are true? (Choose all that apply)',NULL,0,1,0,164,2),(694,'If req is a reference to an HttpServletRequest and there is no current session, what is true about req.getSession()? (Choose all that apply.)',NULL,0,1,0,164,2),(695,'When we are sending data in URL in get method, how to separate separate path and parameter?',NULL,0,1,0,164,1),(696,'In which of these getAttibute() and setAttribute() method has defined?',NULL,0,1,0.3333333333333333,164,2),(697,'Who does controll life-cycle of a servlet? ',NULL,0,2,2,164,1),(698,'Which method redirect to resources to different servers internally?',NULL,0,1,1,164,1),(699,'What are the jobs of web-server? choose multiple answers.',NULL,0,1,0,164,2),(700,'Which method is called when client request come?',NULL,0,3,0,164,1),(701,'Which of the following interprets html code and renders webpages to user?',NULL,0,2,0,164,1),(702,'Which life cycle metod is called once in the servlet life?',NULL,0,1,1,164,1),(703,'Which of these statements are true about GenericServlet?',NULL,0,1,0,164,2),(704,'When we are sending data in URL in get method, how to separate separate path and parameter?',NULL,0,1,0,165,1),(705,'What are the jobs of web-server? choose multiple answers.',NULL,0,1,0,165,2),(706,'Which life cycle metod is called once in the servlet life?',NULL,0,1,0,165,1),(707,'In which of these getAttibute() and setAttribute() method has defined?',NULL,0,1,0,165,2),(708,'If req is a reference to an HttpServletRequest and there is no current session, what is true about req.getSession()? (Choose all that apply.)',NULL,0,1,0,165,2),(709,'Which method redirect to resources to different servers internally?',NULL,0,1,0,165,1),(710,'Which of the following are legal EL? (Choose all that apply)',NULL,0,1,0.6666666666666666,165,2),(711,'Which of the following interprets html code and renders webpages to user?',NULL,0,2,0,165,1),(712,'Who does controll life-cycle of a servlet? ',NULL,0,2,0,165,1),(713,'Which of these statements are true about GenericServlet?',NULL,0,1,0,165,2),(714,'Which method is called when client request come?',NULL,0,3,0,165,1),(715,'Which statements about HTTP session support are true? (Choose all that apply)',NULL,0,1,0,165,2),(716,'What are the jobs of web-server? choose multiple answers.',NULL,0,1,0,166,2),(717,'Which method is called when client request come?',NULL,0,3,0,166,1),(718,'Which of the following interprets html code and renders webpages to user?',NULL,0,2,0,166,1),(719,'Which of these statements are true about GenericServlet?',NULL,0,1,0.3333333333333333,166,2),(720,'If req is a reference to an HttpServletRequest and there is no current session, what is true about req.getSession()? (Choose all that apply.)',NULL,0,1,0,166,2),(721,'Which method redirect to resources to different servers internally?',NULL,0,1,0,166,1),(722,'Who does controll life-cycle of a servlet? ',NULL,0,2,0,166,1),(723,'In which of these getAttibute() and setAttribute() method has defined?',NULL,0,1,0,166,2),(724,'Which of the following are legal EL? (Choose all that apply)',NULL,0,1,0,166,2),(725,'Which statements about HTTP session support are true? (Choose all that apply)',NULL,0,1,0,166,2),(726,'Which life cycle metod is called once in the servlet life?',NULL,0,1,0,166,1),(727,'When we are sending data in URL in get method, how to separate separate path and parameter?',NULL,0,1,0,166,1),(728,'Which method redirect to resources to different servers internally?',NULL,0,1,0,167,1),(729,'What are the jobs of web-server? choose multiple answers.',NULL,0,1,0,167,2),(730,'Which statements about HTTP session support are true? (Choose all that apply)',NULL,0,1,1,167,2),(731,'Who does controll life-cycle of a servlet? ',NULL,0,2,0,167,1),(732,'If req is a reference to an HttpServletRequest and there is no current session, what is true about req.getSession()? (Choose all that apply.)',NULL,0,1,0,167,2),(733,'In which of these getAttibute() and setAttribute() method has defined?',NULL,0,1,0.3333333333333333,167,2),(734,'Which of the following interprets html code and renders webpages to user?',NULL,0,2,0,167,1),(735,'Which life cycle metod is called once in the servlet life?',NULL,0,1,0,167,1),(736,'Which of the following are legal EL? (Choose all that apply)',NULL,0,1,0,167,2),(737,'Which method is called when client request come?',NULL,0,3,0,167,1),(738,'Which of these statements are true about GenericServlet?',NULL,0,1,0.3333333333333333,167,2),(739,'When we are sending data in URL in get method, how to separate separate path and parameter?',NULL,0,1,0,167,1),(740,'What will be placed in a? \r\n\r\na = 2,3',NULL,0,1,1,168,1),(741,'What will be placed in a? \r\n\r\na = {\'a\': 1,\'b\':2, \'a\':3} ',NULL,0,1,0,168,1),(742,'How to assign a tuple of length 1 to a? ',NULL,0,1,0,168,1),(743,'What is the result of this code? \r\n\r\na = {\'a\':1,\'b\':2,\'c\':3}\r\na[\'a\',\'b\'] ',NULL,0,1,0,168,1),(744,'Which method redirect to resources to different servers internally?',NULL,0,1,1,169,1),(745,'Which of these statements are true about GenericServlet?',NULL,0,1,0.3333333333333333,169,2),(746,'In which of these getAttibute() and setAttribute() method has defined?',NULL,0,1,0.3333333333333333,169,2),(747,'Who does controll life-cycle of a servlet? ',NULL,0,2,2,169,1),(748,'Which of the following interprets html code and renders webpages to user?',NULL,0,2,0,169,1),(749,'Which of the following are legal EL? (Choose all that apply)',NULL,0,1,0,169,2),(750,'What are the jobs of web-server? choose multiple answers.',NULL,0,1,1,169,2),(751,'When we are sending data in URL in get method, how to separate separate path and parameter?',NULL,0,1,0,169,1),(752,'Which method is called when client request come?',NULL,0,3,3,169,1),(753,'If req is a reference to an HttpServletRequest and there is no current session, what is true about req.getSession()? (Choose all that apply.)',NULL,0,1,0.3333333333333333,169,2),(754,'Which life cycle metod is called once in the servlet life?',NULL,0,1,1,169,1),(755,'Which statements about HTTP session support are true? (Choose all that apply)',NULL,0,1,0,169,2),(756,'Which of the following are legal EL? (Choose all that apply)',NULL,0,1,0.3333333333333333,170,2),(757,'Which method redirect to resources to different servers internally?',NULL,0,1,0,170,1),(758,'If req is a reference to an HttpServletRequest and there is no current session, what is true about req.getSession()? (Choose all that apply.)',NULL,0,1,0.3333333333333333,170,2),(759,'In which of these getAttibute() and setAttribute() method has defined?',NULL,0,1,0.3333333333333333,170,2),(760,'Which life cycle metod is called once in the servlet life?',NULL,0,1,1,170,1),(761,'Which method is called when client request come?',NULL,0,3,0,170,1),(762,'When we are sending data in URL in get method, how to separate separate path and parameter?',NULL,0,1,0,170,1),(763,'Which of these statements are true about GenericServlet?',NULL,0,1,0,170,2),(764,'Which of the following interprets html code and renders webpages to user?',NULL,0,2,0,170,1),(765,'Who does controll life-cycle of a servlet? ',NULL,0,2,0,170,1),(766,'Which statements about HTTP session support are true? (Choose all that apply)',NULL,0,1,0,170,2),(767,'What are the jobs of web-server? choose multiple answers.',NULL,0,1,0,170,2),(768,'Which of the following interprets html code and renders webpages to user?',NULL,0,2,0,171,1),(769,'Who does controll life-cycle of a servlet? ',NULL,0,2,0,171,1),(770,'In which of these getAttibute() and setAttribute() method has defined?',NULL,0,1,0.6666666666666666,171,2),(771,'When we are sending data in URL in get method, how to separate separate path and parameter?',NULL,0,1,0,171,1),(772,'Which method redirect to resources to different servers internally?',NULL,0,1,0,171,1),(773,'If req is a reference to an HttpServletRequest and there is no current session, what is true about req.getSession()? (Choose all that apply.)',NULL,0,1,1,171,2),(774,'Which of the following are legal EL? (Choose all that apply)',NULL,0,1,0.3333333333333333,171,2),(775,'What are the jobs of web-server? choose multiple answers.',NULL,0,1,0,171,2),(776,'Which statements about HTTP session support are true? (Choose all that apply)',NULL,0,1,0.6666666666666666,171,2),(777,'Which of these statements are true about GenericServlet?',NULL,0,1,0.6666666666666666,171,2),(778,'Which life cycle metod is called once in the servlet life?',NULL,0,1,0,171,1),(779,'Which method is called when client request come?',NULL,0,3,3,171,1),(780,'Which of these statements are true about GenericServlet?',NULL,0,1,0,172,2),(781,'What are the jobs of web-server? choose multiple answers.',NULL,0,1,0,172,2),(782,'Which of the following are legal EL? (Choose all that apply)',NULL,0,1,0.6666666666666666,172,2),(783,'Which life cycle metod is called once in the servlet life?',NULL,0,1,0,172,1),(784,'Who does controll life-cycle of a servlet? ',NULL,0,2,0,172,1),(785,'Which statements about HTTP session support are true? (Choose all that apply)',NULL,0,1,0.6666666666666666,172,2),(786,'When we are sending data in URL in get method, how to separate separate path and parameter?',NULL,0,1,0,172,1),(787,'If req is a reference to an HttpServletRequest and there is no current session, what is true about req.getSession()? (Choose all that apply.)',NULL,0,1,0,172,2),(788,'Which method is called when client request come?',NULL,0,3,0,172,1),(789,'Which of the following interprets html code and renders webpages to user?',NULL,0,2,0,172,1),(790,'In which of these getAttibute() and setAttribute() method has defined?',NULL,0,1,0.3333333333333333,172,2),(791,'Which method redirect to resources to different servers internally?',NULL,0,1,0,172,1),(792,'Which of these statements are true about GenericServlet?',NULL,0,1,0,173,2),(793,'Which method is called when client request come?',NULL,0,3,0,173,1),(794,'Which of the following are legal EL? (Choose all that apply)',NULL,0,1,0,173,2),(795,'Who does controll life-cycle of a servlet? ',NULL,0,1,0,173,1),(796,'Which method redirect to resources to different servers internally?',NULL,0,1,0,173,1),(797,'Which statements about HTTP session support are true? (Choose all that apply)',NULL,0,1,0.3333333333333333,173,2),(798,'When we are sending data in URL in get method, how to separate separate path and parameter?',NULL,0,1,0,173,1),(799,'What are the jobs of web-server? choose multiple answers.',NULL,0,1,0,173,2),(800,'Which life cycle metod is called once in the servlet life?',NULL,0,1,0,173,1),(801,'In which of these getAttibute() and setAttribute() method has defined?',NULL,0,1,0.3333333333333333,173,2),(802,'If req is a reference to an HttpServletRequest and there is no current session, what is true about req.getSession()? (Choose all that apply.)',NULL,0,1,0,173,2),(803,'Which of the following interprets html code and renders webpages to user?',NULL,0,2,0,173,1);
/*!40000 ALTER TABLE `QuestionResult` ENABLE KEYS */;
UNLOCK TABLES;

--
-- Table structure for table `QuestionType`
--

DROP TABLE IF EXISTS `QuestionType`;
/*!40101 SET @saved_cs_client     = @@character_set_client */;
/*!40101 SET character_set_client = utf8 */;
CREATE TABLE `QuestionType` (
  `id` int(11) NOT NULL AUTO_INCREMENT,
  `name` varchar(45) NOT NULL,
  PRIMARY KEY (`id`)
) ENGINE=InnoDB AUTO_INCREMENT=4 DEFAULT CHARSET=utf8;
/*!40101 SET character_set_client = @saved_cs_client */;

--
-- Dumping data for table `QuestionType`
--

LOCK TABLES `QuestionType` WRITE;
/*!40000 ALTER TABLE `QuestionType` DISABLE KEYS */;
INSERT INTO `QuestionType` VALUES (1,'single'),(2,'multiple'),(3,'open');
/*!40000 ALTER TABLE `QuestionType` ENABLE KEYS */;
UNLOCK TABLES;

--
-- Table structure for table `Quiz_Category`
--

DROP TABLE IF EXISTS `Quiz_Category`;
/*!40101 SET @saved_cs_client     = @@character_set_client */;
/*!40101 SET character_set_client = utf8 */;
CREATE TABLE `Quiz_Category` (
  `id` int(11) NOT NULL AUTO_INCREMENT,
  `quiz_id` int(11) NOT NULL,
  `category_id` int(11) NOT NULL,
  PRIMARY KEY (`id`),
  KEY `fk_Quiz_Category_Quiz1` (`quiz_id`),
  KEY `fk_Quiz_Category_Category1` (`category_id`),
  CONSTRAINT `fk_Quiz_Category_Category1` FOREIGN KEY (`category_id`) REFERENCES `Category` (`id`) ON DELETE CASCADE ON UPDATE CASCADE,
  CONSTRAINT `fk_Quiz_Category_Quiz1` FOREIGN KEY (`quiz_id`) REFERENCES `Quiz` (`id`) ON DELETE NO ACTION ON UPDATE NO ACTION
) ENGINE=InnoDB AUTO_INCREMENT=159 DEFAULT CHARSET=utf8;
/*!40101 SET character_set_client = @saved_cs_client */;

--
-- Dumping data for table `Quiz_Category`
--

LOCK TABLES `Quiz_Category` WRITE;
/*!40000 ALTER TABLE `Quiz_Category` DISABLE KEYS */;
INSERT INTO `Quiz_Category` VALUES (122,54,5),(141,46,10),(142,46,9),(143,46,2),(144,56,3),(149,19,2),(150,19,1),(152,58,4),(153,59,4),(154,60,9),(156,53,14),(158,62,16);
/*!40000 ALTER TABLE `Quiz_Category` ENABLE KEYS */;
UNLOCK TABLES;

--
-- Table structure for table `Question`
--

DROP TABLE IF EXISTS `Question`;
/*!40101 SET @saved_cs_client     = @@character_set_client */;
/*!40101 SET character_set_client = utf8 */;
CREATE TABLE `Question` (
  `id` int(11) NOT NULL AUTO_INCREMENT,
  `text` varchar(500) DEFAULT NULL,
  `image` blob,
  `latex` tinyint(1) NOT NULL,
  `cost` int(11) NOT NULL DEFAULT '1',
  `quiz_id` int(11) NOT NULL,
  `type_id` int(11) NOT NULL,
  PRIMARY KEY (`id`),
  KEY `fk_Question_TestType` (`type_id`),
  KEY `fk_Question_Test1` (`quiz_id`),
  CONSTRAINT `fk_Question_Test1` FOREIGN KEY (`quiz_id`) REFERENCES `Quiz` (`id`) ON DELETE NO ACTION ON UPDATE NO ACTION,
  CONSTRAINT `fk_Question_TestType0` FOREIGN KEY (`type_id`) REFERENCES `QuestionType` (`id`) ON DELETE NO ACTION ON UPDATE NO ACTION
) ENGINE=InnoDB AUTO_INCREMENT=64 DEFAULT CHARSET=utf8;
/*!40101 SET character_set_client = @saved_cs_client */;

--
-- Dumping data for table `Question`
--

LOCK TABLES `Question` WRITE;
/*!40000 ALTER TABLE `Question` DISABLE KEYS */;
INSERT INTO `Question` VALUES (8,'Question',NULL,0,1,19,1),(9,'Question2',NULL,0,1,19,2),(10,'Question3',NULL,0,2,19,3),(13,'Who does controll life-cycle of a servlet? ',NULL,0,1,46,1),(14,'When we are sending data in URL in get method, how to separate separate path and parameter?',NULL,0,1,46,1),(15,'If req is a reference to an HttpServletRequest and there is no current session, what is true about req.getSession()? (Choose all that apply.)',NULL,0,1,46,2),(17,'Question4',NULL,0,1,19,2),(28,'What are the jobs of web-server? choose multiple answers.',NULL,0,1,46,2),(29,'Which of the following are legal EL? (Choose all that apply)',NULL,0,1,46,2),(30,'Which method is called when client request come?',NULL,0,3,46,1),(31,'Which of these statements are true about GenericServlet?',NULL,0,1,46,2),(32,'Which method redirect to resources to different servers internally?',NULL,0,1,46,1),(33,'Which statements about HTTP session support are true? (Choose all that apply)',NULL,0,1,46,2),(34,'Which of the following interprets html code and renders webpages to user?',NULL,0,2,46,1),(35,'Which life cycle metod is called once in the servlet life?',NULL,0,1,46,1),(36,'In which of these getAttibute() and setAttribute() method has defined?',NULL,0,1,46,2),(37,'Question5',NULL,0,1,19,1),(39,'When can we meet again?',NULL,0,1,53,1),(40,'My aunt is going to stay with me.',NULL,0,1,53,1),(41,'When do you study?',NULL,0,1,53,1),(42,'Would you prefer lemonade or orange juice?',NULL,0,1,53,1),(43,' Let\'s have dinner now.',NULL,0,1,53,1),(44,'Specify the 2 library functions to dynamically allocate memory?',NULL,0,1,54,1),(45,'The library function used to find the last occurrence of a character in a string is',NULL,0,1,54,1),(46,'Bit fields CANNOT be used in union.',NULL,0,1,54,1),(47,'Which header file should you include, if you are going to develop a function, which can accept variable number of arguments?',NULL,0,1,54,1),(48,'What does the following code do? def a(b, c, d): pass ',NULL,0,1,55,1),(49,'What will be placed in a? \r\n\r\na = 2,3',NULL,0,1,56,1),(50,'How to assign a tuple of length 1 to a? ',NULL,0,1,56,1),(51,'What is the result of this code? \r\n\r\na = {\'a\':1,\'b\':2,\'c\':3}\r\na[\'a\',\'b\'] ',NULL,0,1,56,1),(52,'What is the result of this code? \r\n\r\na = {(1,2):1,(2,3):2}\r\na[1,2] ',NULL,0,1,56,1),(53,'What will be placed in a? \r\n\r\na = {\'a\': 1,\'b\':2, \'a\':3} ',NULL,0,1,56,1),(56,'Contrary to popular belief, Lorem Ipsum is not simply random text. It has roots in a piece of classical Latin literature from 45 BC, making it over 2000 years old. Richard McClintock, a Latin ',NULL,0,1,58,1),(57,'dahadhadh',NULL,0,1,59,1),(58,'adnadnadna',NULL,0,1,60,1),(62,'dbadbadbad',NULL,0,1,62,1),(63,'dbadsbsdb',NULL,0,1,62,3);
/*!40000 ALTER TABLE `Question` ENABLE KEYS */;
UNLOCK TABLES;

--
-- Table structure for table `AnswerResult`
--

DROP TABLE IF EXISTS `AnswerResult`;
/*!40101 SET @saved_cs_client     = @@character_set_client */;
/*!40101 SET character_set_client = utf8 */;
CREATE TABLE `AnswerResult` (
  `id` int(11) NOT NULL AUTO_INCREMENT,
  `text` varchar(200) NOT NULL,
  `correct` tinyint(1) NOT NULL DEFAULT '0',
  `checked` tinyint(1) NOT NULL,
  `questionResult_id` int(11) NOT NULL,
  PRIMARY KEY (`id`),
  KEY `fk_Answer_copy1_QuestionResult1` (`questionResult_id`),
  CONSTRAINT `fk_Answer_copy1_QuestionResult1` FOREIGN KEY (`questionResult_id`) REFERENCES `QuestionResult` (`id`) ON DELETE CASCADE ON UPDATE NO ACTION
) ENGINE=InnoDB AUTO_INCREMENT=2996 DEFAULT CHARSET=utf8;
/*!40101 SET character_set_client = @saved_cs_client */;

--
-- Dumping data for table `AnswerResult`
--

LOCK TABLES `AnswerResult` WRITE;
/*!40000 ALTER TABLE `AnswerResult` DISABLE KEYS */;
INSERT INTO `AnswerResult` VALUES (25,'wrqwr',0,1,13),(26,'214241234',1,0,13),(27,'34253125',1,1,13),(28,'rewqrwer',1,0,14),(29,'41324513',1,0,14),(30,'fdsfgsdg',1,0,14),(31,'ololo',0,1,14),(32,'ans1',0,1,15),(33,'ans3',0,0,15),(34,'ans2',1,0,15),(47,'rewqrwer',1,0,20),(48,'41324513',1,0,20),(49,'fdsfgsdg',1,0,20),(50,'dsgsdg',0,1,20),(51,'wrqwr',0,1,21),(52,'34253125',1,1,21),(53,'214241234',1,0,21),(54,'ans3',0,0,22),(55,'ans2',1,1,22),(56,'ans1',0,0,22),(57,'ans3',0,1,23),(58,'ans2',1,0,23),(59,'ans1',0,0,23),(60,'34253125',1,0,24),(61,'wrqwr',0,1,24),(62,'214241234',1,1,24),(63,'rewqrwer',1,0,25),(64,'41324513',1,0,25),(65,'fdsfgsdg',1,0,25),(66,'test',0,1,25),(67,'ans3',0,1,26),(68,'ans2',1,0,26),(69,'ans1',0,0,26),(70,'41324513',1,0,27),(71,'rewqrwer',1,0,27),(72,'fdsfgsdg',1,0,27),(73,'test',0,1,27),(74,'34253125',1,0,28),(75,'wrqwr',0,1,28),(76,'214241234',1,1,28),(77,'34253125',1,1,29),(78,'wrqwr',0,0,29),(79,'214241234',1,1,29),(80,'ans3',0,0,30),(81,'ans2',1,1,30),(82,'ans1',0,0,30),(83,'41324513',1,0,31),(84,'rewqrwer',1,0,31),(85,'fdsfgsdg',1,0,31),(86,'ooooo',0,1,31),(87,'ans3',0,0,32),(88,'ans1',0,0,32),(89,'ans2',1,1,32),(90,'rewqrwer',1,0,33),(91,'fdsfgsdg',1,0,33),(92,'41324513',1,0,33),(93,'sgasdgasd',0,1,33),(94,'214241234',1,1,34),(95,'34253125',1,0,34),(96,'wrqwr',0,1,34),(97,'By ?',1,1,35),(98,'By comma separator',0,1,35),(99,'By &',0,0,35),(100,'All of these',0,0,35),(101,'browser',0,0,36),(102,'client',0,0,36),(103,'container',1,1,36),(104,'user',0,0,36),(105,'Invoking req.getSession(true) will return null.',0,0,37),(106,'Invoking req.getSession(false) will return null.',1,1,37),(107,'Invoking req.getSession() will return a new session.',1,1,37),(108,'Invoking req.getSession() will return null.',0,0,37),(109,'Invoking req.getSession(true) will return a new session. ',1,1,37),(110,'Invoking req.getSession(false) will return a new session.',0,0,37),(111,'Invoking req.getSession() will return a new session.',1,0,38),(112,'Invoking req.getSession(true) will return a new session. ',1,1,38),(113,'Invoking req.getSession(false) will return a new session.',0,0,38),(114,'Invoking req.getSession(false) will return null.',1,0,38),(115,'Invoking req.getSession(true) will return null.',0,1,38),(116,'Invoking req.getSession() will return null.',0,0,38),(117,'client',0,0,39),(118,'user',0,0,39),(119,'browser',0,1,39),(120,'container',1,0,39),(121,'By &',0,0,40),(122,'All of these',0,0,40),(123,'By ?',1,1,40),(124,'By comma separator',0,0,40),(125,'41324513',1,0,41),(126,'fdsfgsdg',1,0,41),(127,'rewqrwer',1,0,41),(128,'fnjsfnxvn',0,1,41),(129,'ans1',0,0,42),(130,'ans2',1,1,42),(131,'ans3',0,0,42),(132,'34253125',1,1,43),(133,'wrqwr',0,0,43),(134,'214241234',1,1,43),(135,'client',0,1,44),(136,'user',0,0,44),(137,'container',1,0,44),(138,'browser',0,0,44),(139,'Invoking req.getSession(true) will return a new session. ',1,0,45),(140,'Invoking req.getSession(true) will return null.',0,1,45),(141,'Invoking req.getSession() will return a new session.',1,0,45),(142,'Invoking req.getSession(false) will return a new session.',0,0,45),(143,'Invoking req.getSession(false) will return null.',1,1,45),(144,'Invoking req.getSession() will return null.',0,0,45),(145,'By ?',1,0,46),(146,'All of these',0,0,46),(147,'By &',0,1,46),(148,'By comma separator',0,0,46),(149,'Invoking req.getSession(true) will return a new session. ',1,0,47),(150,'Invoking req.getSession(true) will return null.',0,1,47),(151,'Invoking req.getSession(false) will return a new session.',0,0,47),(152,'Invoking req.getSession() will return null.',0,0,47),(153,'Invoking req.getSession(false) will return null.',1,1,47),(154,'Invoking req.getSession() will return a new session.',1,0,47),(155,'By &',0,0,48),(156,'By ?',1,0,48),(157,'All of these',0,1,48),(158,'By comma separator',0,0,48),(159,'client',0,0,49),(160,'browser',0,0,49),(161,'container',1,1,49),(162,'user',0,0,49),(163,'????',1,1,50),(164,'ans1',0,0,51),(165,'ans2',1,1,51),(166,'ans3',0,0,51),(167,'41324513',1,0,52),(168,'rewqrwer',1,0,52),(169,'fdsfgsdg',1,0,52),(170,'????? ??????? ????? ?????',0,1,52),(171,'wrqwr',0,0,53),(172,'34253125',1,1,53),(173,'214241234',1,0,53),(174,'Invoking req.getSession(true) will return null.',0,0,54),(175,'Invoking req.getSession(true) will return a new session. ',1,1,54),(176,'Invoking req.getSession(false) will return null.',1,0,54),(177,'Invoking req.getSession(false) will return a new session.',0,0,54),(178,'Invoking req.getSession() will return a new session.',1,1,54),(179,'Invoking req.getSession() will return null.',0,0,54),(180,'By ?',1,0,55),(181,'All of these',0,0,55),(182,'By comma separator',0,1,55),(183,'By &',0,0,55),(184,'client',0,0,56),(185,'browser',0,1,56),(186,'user',0,0,56),(187,'container',1,0,56),(188,'????',1,1,57),(189,'214241234',1,1,58),(190,'wrqwr',0,0,58),(191,'34253125',1,1,58),(192,'41324513',1,0,59),(193,'rewqrwer',1,0,59),(194,'fdsfgsdg',1,0,59),(195,'gdgasdg',0,1,59),(196,'ans1',0,0,60),(197,'ans3',0,1,60),(198,'ans2',1,0,60),(199,'ans3',0,1,61),(200,'ans2',1,0,61),(201,'ans1',0,0,61),(202,'rewqrwer',1,0,62),(203,'fdsfgsdg',1,0,62),(204,'41324513',1,0,62),(205,'sfnjsfnsf',0,1,62),(206,'wrqwr',0,0,63),(207,'214241234',1,1,63),(208,'34253125',1,1,63),(209,'fdsfgsdg',1,0,64),(210,'rewqrwer',1,0,64),(211,'41324513',1,0,64),(212,'dgjkdgj',0,1,64),(213,'wrqwr',0,0,65),(214,'34253125',1,1,65),(215,'214241234',1,0,65),(216,'ans1',0,0,66),(217,'ans3',0,1,66),(218,'ans2',1,0,66),(219,'wrqwr',0,1,67),(220,'214241234',1,0,67),(221,'34253125',1,1,67),(222,'ans1',0,0,68),(223,'ans2',1,1,68),(224,'ans3',0,0,68),(225,'41324513',1,0,69),(226,'fdsfgsdg',1,0,69),(227,'rewqrwer',1,0,69),(228,'sdgsdgsd',0,1,69),(229,'41324513',1,0,70),(230,'rewqrwer',1,0,70),(231,'fdsfgsdg',1,0,70),(232,'dgsadghsd',0,1,70),(233,'34253125',1,1,71),(234,'214241234',1,1,71),(235,'wrqwr',0,0,71),(236,'ans1',0,0,72),(237,'ans2',1,1,72),(238,'ans3',0,0,72),(239,'rewqrwer',1,0,73),(240,'41324513',1,0,73),(241,'fdsfgsdg',1,0,73),(242,'fshjnsfh',0,1,73),(243,'ans1',0,1,74),(244,'ans3',0,0,74),(245,'ans2',1,0,74),(246,'214241234',1,1,75),(247,'wrqwr',0,1,75),(248,'34253125',1,0,75),(249,'ans1',0,1,76),(250,'ans2',1,0,76),(251,'ans3',0,0,76),(252,'41324513',1,0,77),(253,'fdsfgsdg',1,0,77),(254,'rewqrwer',1,0,77),(255,'sjhsfjsf',0,1,77),(256,'wrqwr',0,0,78),(257,'214241234',1,1,78),(258,'34253125',1,1,78),(259,'fdsfgsdg',1,0,79),(260,'41324513',1,0,79),(261,'rewqrwer',1,0,79),(262,'hsfhsfh',0,1,79),(263,'214241234',1,1,80),(264,'wrqwr',0,0,80),(265,'34253125',1,1,80),(266,'ans3',0,0,81),(267,'ans1',0,0,81),(268,'ans2',1,1,81),(269,'34253125',1,1,82),(270,'wrqwr',0,0,82),(271,'214241234',1,1,82),(272,'ans1',0,0,83),(273,'ans3',0,0,83),(274,'ans2',1,1,83),(275,'rewqrwer',1,0,84),(276,'41324513',1,0,84),(277,'fdsfgsdg',1,0,84),(278,'7957957',0,1,84),(279,'wrqwr',0,0,85),(280,'214241234',1,1,85),(281,'34253125',1,1,85),(282,'ans3',0,0,86),(283,'ans2',1,1,86),(284,'ans1',0,0,86),(285,'rewqrwer',1,0,87),(286,'41324513',1,0,87),(287,'fdsfgsdg',1,0,87),(288,'763575',0,1,87),(289,'wrqwr',0,0,88),(290,'214241234',1,1,88),(291,'34253125',1,1,88),(292,'fdsfgsdg',1,0,89),(293,'rewqrwer',1,0,89),(294,'41324513',1,0,89),(295,'41324513',0,1,89),(296,'ans2',1,1,90),(297,'ans3',0,0,90),(298,'ans1',0,0,90),(299,'fdsfgsdg',1,0,91),(300,'rewqrwer',1,0,91),(301,'41324513',1,0,91),(302,'sjsfjsf',0,1,91),(303,'wrqwr',0,0,92),(304,'214241234',1,1,92),(305,'34253125',1,1,92),(306,'ans2',1,0,93),(307,'ans3',0,0,93),(308,'ans1',0,1,93),(309,'fdsfgsdg',1,0,94),(310,'rewqrwer',1,0,94),(311,'41324513',1,0,94),(312,'dmdg,md',0,1,94),(313,'wrqwr',0,0,95),(314,'214241234',1,1,95),(315,'34253125',1,1,95),(316,'ans2',1,0,96),(317,'ans3',0,0,96),(318,'ans1',0,1,96),(319,'214241234',1,1,97),(320,'wrqwr',0,0,97),(321,'34253125',1,1,97),(322,'rewqrwer',1,0,98),(323,'41324513',1,0,98),(324,'fdsfgsdg',1,0,98),(325,'djdsgjdsgj',0,1,98),(326,'ans1',0,1,99),(327,'ans3',0,0,99),(328,'ans2',1,0,99),(329,'ans1',0,0,100),(330,'ans3',0,1,100),(331,'ans2',1,0,100),(332,'214241234',1,0,101),(333,'wrqwr',0,1,101),(334,'34253125',1,0,101),(335,'rewqrwer',1,0,102),(336,'41324513',1,0,102),(337,'fdsfgsdg',1,0,102),(338,'fdsfgsdg',0,1,102),(339,'rewqrwer',1,0,103),(340,'41324513',1,0,103),(341,'fdsfgsdg',1,0,103),(342,'fdsfgsdg',1,1,103),(343,'34253125',1,1,104),(344,'wrqwr',0,0,104),(345,'214241234',1,1,104),(346,'ans1',0,0,105),(347,'ans2',1,1,105),(348,'ans3',0,0,105),(349,'41324513',1,0,106),(350,'rewqrwer',1,0,106),(351,'fdsfgsdg',1,0,106),(352,'fdsfgsdg',1,1,106),(353,'ans1',0,0,107),(354,'ans2',1,1,107),(355,'ans3',0,0,107),(356,'34253125',1,1,108),(357,'214241234',1,1,108),(358,'wrqwr',0,0,108),(359,'ans3',0,0,109),(360,'ans1',0,0,109),(361,'ans2',1,1,109),(362,'214241234',1,0,110),(363,'wrqwr',0,0,110),(364,'34253125',1,1,110),(365,'fdsfgsdg',1,0,111),(366,'rewqrwer',1,0,111),(367,'41324513',1,0,111),(368,'jsfhjnsf',0,1,111),(369,'fdsfgsdg',1,0,112),(370,'rewqrwer',1,0,112),(371,'41324513',1,0,112),(372,'m,dgbc',0,1,112),(373,'ans3',0,0,113),(374,'ans1',0,0,113),(375,'ans2',1,1,113),(376,'214241234',1,0,114),(377,'wrqwr',0,0,114),(378,'34253125',1,1,114),(379,'41324513',1,0,115),(380,'rewqrwer',1,0,115),(381,'fdsfgsdg',1,0,115),(382,'jnxvnxv',0,1,115),(383,'214241234',1,0,116),(384,'34253125',1,1,116),(385,'wrqwr',0,0,116),(386,'ans1',0,0,117),(387,'ans2',1,1,117),(388,'ans3',0,0,117),(389,'34253125',1,1,118),(390,'wrqwr',0,0,118),(391,'214241234',1,0,118),(392,'ans1',0,0,119),(393,'ans2',1,1,119),(394,'ans3',0,0,119),(395,'rewqrwer',1,0,120),(396,'fdsfgsdg',1,0,120),(397,'41324513',1,0,120),(398,'fsjhsfjhsf',0,1,120),(399,'wrqwr',0,0,121),(400,'214241234',1,1,121),(401,'34253125',1,1,121),(402,'ans3',0,0,122),(403,'ans2',1,1,122),(404,'ans1',0,0,122),(405,'41324513',1,0,123),(406,'rewqrwer',1,0,123),(407,'fdsfgsdg',1,0,123),(408,'47y473',0,1,123),(409,'fdsfgsdg',1,0,124),(410,'41324513',1,0,124),(411,'rewqrwer',1,0,124),(412,'41324513',1,1,124),(413,'wrqwr',0,0,125),(414,'214241234',1,1,125),(415,'34253125',1,1,125),(416,'ans3',0,0,126),(417,'ans1',0,0,126),(418,'ans2',1,1,126),(419,'ans3',0,0,127),(420,'ans1',0,0,127),(421,'ans2',1,1,127),(422,'fdsfgsdg',1,0,128),(423,'41324513',1,0,128),(424,'rewqrwer',1,0,128),(425,'rewqrwer',1,1,128),(426,'wrqwr',0,0,129),(427,'214241234',1,1,129),(428,'34253125',1,0,129),(429,'ans1',0,0,130),(430,'ans3',0,0,130),(431,'ans2',1,1,130),(432,'34253125',1,0,131),(433,'214241234',1,1,131),(434,'wrqwr',0,0,131),(435,'41324513',1,0,132),(436,'fdsfgsdg',1,0,132),(437,'rewqrwer',1,0,132),(438,'rewqrwer',1,1,132),(439,'ans2',1,0,133),(440,'ans1',0,0,133),(441,'ans3',0,0,133),(442,'fdsfgsdg',1,0,134),(443,'41324513',1,0,134),(444,'rewqrwer',1,0,134),(445,'',0,1,134),(446,'34253125',1,0,135),(447,'214241234',1,0,135),(448,'wrqwr',0,0,135),(449,'fdsfgsdg',1,0,136),(450,'41324513',1,0,136),(451,'rewqrwer',1,0,136),(452,'',0,1,136),(453,'ans1',0,0,137),(454,'ans2',1,0,137),(455,'ans3',0,0,137),(456,'214241234',1,0,138),(457,'wrqwr',0,0,138),(458,'34253125',1,0,138),(459,'214241234',1,0,139),(460,'wrqwr',0,0,139),(461,'34253125',1,0,139),(462,'fdsfgsdg',1,0,140),(463,'41324513',1,0,140),(464,'rewqrwer',1,0,140),(465,'',0,1,140),(466,'ans2',1,0,141),(467,'ans3',0,0,141),(468,'ans1',0,0,141),(469,'214241234',1,0,142),(470,'34253125',1,0,142),(471,'wrqwr',0,0,142),(472,'ans1',0,0,143),(473,'ans2',1,0,143),(474,'ans3',0,0,143),(475,'41324513',1,0,144),(476,'fdsfgsdg',1,0,144),(477,'rewqrwer',1,0,144),(478,'',0,1,144),(479,'34253125',1,0,145),(480,'wrqwr',0,0,145),(481,'214241234',1,0,145),(482,'fdsfgsdg',1,0,146),(483,'rewqrwer',1,0,146),(484,'41324513',1,0,146),(485,'ans3',0,0,147),(486,'ans1',0,0,147),(487,'ans2',1,0,147),(488,'34253125',1,1,148),(489,'wrqwr',0,0,148),(490,'214241234',1,1,148),(491,'ans3',0,0,149),(492,'ans1',0,0,149),(493,'ans2',1,0,149),(494,'fdsfgsdg',1,0,150),(495,'rewqrwer',1,0,150),(496,'41324513',1,0,150),(497,'rewqrwer',1,0,151),(498,'fdsfgsdg',1,0,151),(499,'41324513',1,0,151),(500,'hsfhsfh',0,1,151),(501,'ans1',0,1,152),(502,'ans3',0,0,152),(503,'ans2',1,0,152),(504,'214241234',1,1,153),(505,'34253125',1,1,153),(506,'wrqwr',0,0,153),(507,'41324513',1,0,154),(508,'fdsfgsdg',1,0,154),(509,'rewqrwer',1,0,154),(510,'gdkjdgj',0,1,154),(511,'214241234',1,0,155),(512,'wrqwr',0,1,155),(513,'34253125',1,0,155),(514,'ans1',0,0,156),(515,'ans2',1,1,156),(516,'ans3',0,0,156),(517,'41324513',1,0,157),(518,'fdsfgsdg',1,0,157),(519,'rewqrwer',1,0,157),(520,'jg',0,1,157),(521,'',0,1,157),(522,'ans3',0,0,158),(523,'ans2',1,1,158),(524,'ans1',0,0,158),(525,'214241234',1,0,159),(526,'34253125',1,1,159),(527,'wrqwr',0,0,159),(534,'fdsfgsdg',1,0,162),(535,'41324513',1,0,162),(536,'rewqrwer',1,0,162),(537,'',0,1,162),(538,'ans1',0,0,163),(539,'ans2',1,0,163),(540,'ans3',0,0,163),(541,'wrqwr',0,0,164),(542,'34253125',1,0,164),(543,'214241234',1,0,164),(544,'fdsfgsdg',1,0,165),(545,'41324513',1,0,165),(546,'rewqrwer',1,0,165),(547,'',0,1,165),(548,'ans1',0,0,166),(549,'ans2',1,0,166),(550,'ans3',0,0,166),(551,'wrqwr',0,0,167),(552,'34253125',1,0,167),(553,'214241234',1,0,167),(554,'214241234',1,0,168),(555,'34253125',1,0,168),(556,'wrqwr',0,0,168),(557,'41324513',1,0,169),(558,'rewqrwer',1,0,169),(559,'fdsfgsdg',1,0,169),(560,'',0,1,169),(561,'ans2',1,0,170),(562,'ans3',0,0,170),(563,'ans1',0,0,170),(564,'ans2',1,0,171),(565,'ans1',0,1,171),(566,'ans3',0,0,171),(567,'34253125',1,0,172),(568,'214241234',1,1,172),(569,'wrqwr',0,1,172),(570,'rewqrwer',1,0,173),(571,'41324513',1,0,173),(572,'fdsfgsdg',1,0,173),(573,'fadsfa',0,1,173),(574,'container',1,0,174),(575,'user',0,1,174),(576,'browser',0,0,174),(577,'client',0,0,174),(578,'By &',0,0,175),(579,'All of these',0,1,175),(580,'By ?',1,0,175),(581,'By comma separator',0,0,175),(582,'Invoking req.getSession(false) will return null.',1,0,176),(583,'Invoking req.getSession(true) will return null.',0,1,176),(584,'Invoking req.getSession() will return null.',0,0,176),(585,'Invoking req.getSession() will return a new session.',1,1,176),(586,'Invoking req.getSession(true) will return a new session. ',1,0,176),(587,'Invoking req.getSession(false) will return a new session.',0,0,176),(588,'user',0,0,177),(589,'container',1,1,177),(590,'client',0,0,177),(591,'browser',0,0,177),(592,'All of these',0,0,178),(593,'By comma separator',0,0,178),(594,'By &',0,0,178),(595,'By ?',1,0,178),(596,'Invoking req.getSession() will return null.',0,0,179),(597,'Invoking req.getSession(false) will return null.',1,1,179),(598,'Invoking req.getSession() will return a new session.',1,0,179),(599,'Invoking req.getSession(true) will return a new session. ',1,0,179),(600,'Invoking req.getSession(true) will return null.',0,0,179),(601,'Invoking req.getSession(false) will return a new session.',0,0,179),(602,'ans2',1,0,180),(603,'ans1',0,1,180),(604,'ans3',0,0,180),(605,'214241234',1,0,181),(606,'wrqwr',0,0,181),(607,'34253125',1,0,181),(608,'rewqrwer',1,0,182),(609,'fdsfgsdg',1,0,182),(610,'41324513',1,0,182),(611,'',0,1,182),(612,'fdsfgsdg',1,0,183),(613,'41324513',1,0,183),(614,'rewqrwer',1,0,183),(615,'vcmnxvmn',0,1,183),(616,'214241234',1,0,184),(617,'34253125',1,1,184),(618,'wrqwr',0,1,184),(619,'ans3',0,0,185),(620,'ans1',0,1,185),(621,'ans2',1,0,185),(622,'client',0,0,186),(623,'user',0,0,186),(624,'browser',0,1,186),(625,'container',1,0,186),(626,'Invoking req.getSession(false) will return a new session.',0,1,187),(627,'Invoking req.getSession() will return a new session.',1,1,187),(628,'Invoking req.getSession(true) will return a new session. ',1,0,187),(629,'Invoking req.getSession(false) will return null.',1,0,187),(630,'Invoking req.getSession(true) will return null.',0,0,187),(631,'Invoking req.getSession() will return null.',0,0,187),(632,'By comma separator',0,0,188),(633,'By &',0,1,188),(634,'All of these',0,0,188),(635,'By ?',1,0,188),(636,'fdsfgsdg',1,0,189),(637,'rewqrwer',1,0,189),(638,'41324513',1,0,189),(639,'',0,1,189),(640,'wrqwr',0,0,190),(641,'214241234',1,1,190),(642,'34253125',1,1,190),(643,'ans1',0,0,191),(644,'ans2',1,1,191),(645,'ans3',0,1,191),(646,'fdsfgsdg',1,0,192),(647,'rewqrwer',1,0,192),(648,'41324513',1,0,192),(649,'',0,1,192),(650,'ans1',0,0,193),(651,'ans2',1,1,193),(652,'ans3',0,0,193),(653,'wrqwr',0,1,194),(654,'34253125',1,0,194),(655,'214241234',1,1,194),(656,'46346737',0,1,195),(657,'etrewqtg',0,1,195),(658,'41324513',1,0,196),(659,'fdsfgsdg',1,0,196),(660,'rewqrwer',1,0,196),(661,'',0,1,196),(662,'214241234',1,0,197),(663,'34253125',1,0,197),(664,'wrqwr',0,0,197),(665,'ans3',0,0,198),(666,'ans1',0,0,198),(667,'ans2',1,0,198),(668,'46346737',0,0,199),(669,'etrewqtg',0,0,199),(670,'214241234',1,0,200),(671,'34253125',1,0,200),(672,'wrqwr',0,0,200),(673,'41324513',1,0,201),(674,'fdsfgsdg',1,0,201),(675,'rewqrwer',1,0,201),(676,'',0,1,201),(677,'ans3',0,0,202),(678,'ans1',0,0,202),(679,'ans2',1,0,202),(680,'41324513',1,0,203),(681,'fdsfgsdg',1,0,203),(682,'rewqrwer',1,0,203),(683,'',0,1,203),(684,'214241234',1,0,204),(685,'34253125',1,0,204),(686,'wrqwr',0,0,204),(687,'ans3',0,0,205),(688,'ans1',0,0,205),(689,'ans2',1,0,205),(690,'46346737',0,0,206),(691,'etrewqtg',0,0,206),(692,'client',0,1,207),(693,'server',0,0,207),(694,'browser',1,0,207),(695,'ServletRequest',1,0,208),(696,'HttpSession',1,1,208),(697,'ServletConfig',0,1,208),(698,'ServletContext',1,1,208),(699,'${2 div 1}',1,0,209),(700,'${2 & 1}',0,0,209),(701,'${\"1\" + \"2\"}',1,1,209),(702,'${1 eq 2}',1,1,209),(703,'${1 plus 2}',0,1,209),(704,'class loading',0,0,210),(705,'init() ',1,0,210),(706,'service()',0,1,210),(707,'destroy()',0,0,210),(708,'container',1,0,211),(709,'user',0,1,211),(710,'browser',0,0,211),(711,'client',0,0,211),(712,'Java EE containers must support HTTP cookies',1,1,212),(713,'Java EE containers must support HTTP sessions, even for clients that do not support cookies',1,1,212),(714,'Java EE containers must support the Secure Sockets Layer',1,1,212),(715,'Java EE containers must support URL rewriting',0,0,212),(716,'Java EE containers must recognize the HTTP termination signal that is issued to indicate that a client session is no longer active',0,0,212),(717,'Return the requested thing to user',1,0,213),(718,'Find the resources',1,0,213),(719,'Get the Request',1,1,213),(720,'Get the resources',0,1,213),(721,'Genric Servlet extends HttpServlet and override doGet() method',0,0,214),(722,'A GenericServlet has a service() method to handle requests',1,0,214),(723,'Generic Servlet is an abtract class',1,1,214),(724,'Generic servlet implements Servlet Interface and over-rides life-cycle method',1,1,214),(725,'Invoking req.getSession(false) will return a new session.',0,1,215),(726,'Invoking req.getSession() will return null.',0,1,215),(727,'Invoking req.getSession(true) will return a new session. ',1,0,215),(728,'Invoking req.getSession() will return a new session.',1,1,215),(729,'Invoking req.getSession(false) will return null.',1,0,215),(730,'Invoking req.getSession(true) will return null.',0,0,215),(731,'redirect',0,0,216),(732,'forward',1,0,216),(733,'option',0,1,216),(734,'By ?',1,0,217),(735,'All of these',0,0,217),(736,'By comma separator',0,1,217),(737,'By &',0,0,217),(738,'get()',0,0,218),(739,'post()',0,1,218),(740,'init()',0,0,218),(741,'service()',1,0,218),(742,'class loading',0,0,219),(743,'init() ',1,1,219),(744,'service()',0,0,219),(745,'destroy()',0,0,219),(746,'redirect',0,0,220),(747,'forward',1,1,220),(748,'option',0,0,220),(749,'Java EE containers must support HTTP cookies',1,1,221),(750,'Java EE containers must support HTTP sessions, even for clients that do not support cookies',1,1,221),(751,'Java EE containers must support the Secure Sockets Layer',1,1,221),(752,'Java EE containers must support URL rewriting',0,0,221),(753,'Java EE containers must recognize the HTTP termination signal that is issued to indicate that a client session is no longer active',0,0,221),(754,'get()',0,0,222),(755,'post()',0,0,222),(756,'init()',0,0,222),(757,'service()',1,1,222),(758,'Genric Servlet extends HttpServlet and override doGet() method',0,1,223),(759,'A GenericServlet has a service() method to handle requests',1,1,223),(760,'Generic Servlet is an abtract class',1,0,223),(761,'Generic servlet implements Servlet Interface and over-rides life-cycle method',1,1,223),(762,'container',1,0,224),(763,'user',0,1,224),(764,'browser',0,0,224),(765,'client',0,0,224),(766,'ServletRequest',1,0,225),(767,'HttpSession',1,0,225),(768,'ServletConfig',0,1,225),(769,'ServletContext',1,1,225),(770,'Invoking req.getSession(false) will return a new session.',0,1,226),(771,'Invoking req.getSession() will return null.',0,0,226),(772,'Invoking req.getSession(true) will return a new session. ',1,1,226),(773,'Invoking req.getSession() will return a new session.',1,0,226),(774,'Invoking req.getSession(false) will return null.',1,1,226),(775,'Invoking req.getSession(true) will return null.',0,0,226),(776,'client',0,0,227),(777,'server',0,0,227),(778,'browser',1,1,227),(779,'By ?',1,0,228),(780,'All of these',0,0,228),(781,'By comma separator',0,1,228),(782,'By &',0,0,228),(783,'Return the requested thing to user',1,1,229),(784,'Find the resources',1,1,229),(785,'Get the Request',1,0,229),(786,'Get the resources',0,1,229),(787,'${2 div 1}',1,0,230),(788,'${2 & 1}',0,0,230),(789,'${\"1\" + \"2\"}',1,1,230),(790,'${1 eq 2}',1,1,230),(791,'${1 plus 2}',0,1,230),(792,'server',0,0,231),(793,'client',0,0,231),(794,'browser',1,0,231),(795,'forward',1,0,232),(796,'redirect',0,0,232),(797,'option',0,0,232),(798,'Java EE containers must support HTTP sessions, even for clients that do not support cookies',1,0,233),(799,'Java EE containers must support HTTP cookies',1,0,233),(800,'Java EE containers must support URL rewriting',0,0,233),(801,'Java EE containers must recognize the HTTP termination signal that is issued to indicate that a client session is no longer active',0,0,233),(802,'Java EE containers must support the Secure Sockets Layer',1,0,233),(803,'destroy()',0,0,234),(804,'init() ',1,0,234),(805,'service()',0,0,234),(806,'class loading',0,0,234),(807,'client',0,0,235),(808,'browser',0,0,235),(809,'user',0,0,235),(810,'container',1,0,235),(811,'Invoking req.getSession() will return null.',0,0,236),(812,'Invoking req.getSession(false) will return null.',1,0,236),(813,'Invoking req.getSession(true) will return null.',0,0,236),(814,'Invoking req.getSession() will return a new session.',1,0,236),(815,'Invoking req.getSession(false) will return a new session.',0,0,236),(816,'Invoking req.getSession(true) will return a new session. ',1,0,236),(817,'${1 plus 2}',0,0,237),(818,'${1 eq 2}',1,0,237),(819,'${2 div 1}',1,0,237),(820,'${\"1\" + \"2\"}',1,0,237),(821,'${2 & 1}',0,0,237),(822,'Generic Servlet is an abtract class',1,0,238),(823,'A GenericServlet has a service() method to handle requests',1,0,238),(824,'Generic servlet implements Servlet Interface and over-rides life-cycle method',1,0,238),(825,'Genric Servlet extends HttpServlet and override doGet() method',0,0,238),(826,'get()',0,0,239),(827,'service()',1,0,239),(828,'init()',0,0,239),(829,'post()',0,0,239),(830,'Get the Request',1,0,240),(831,'Return the requested thing to user',1,0,240),(832,'Find the resources',1,0,240),(833,'Get the resources',0,0,240),(834,'forward',1,0,241),(835,'redirect',0,0,241),(836,'option',0,0,241),(837,'Generic Servlet is an abtract class',1,0,242),(838,'A GenericServlet has a service() method to handle requests',1,0,242),(839,'Generic servlet implements Servlet Interface and over-rides life-cycle method',1,0,242),(840,'Genric Servlet extends HttpServlet and override doGet() method',0,0,242),(841,'${1 plus 2}',0,0,243),(842,'${1 eq 2}',1,0,243),(843,'${2 div 1}',1,0,243),(844,'${\"1\" + \"2\"}',1,0,243),(845,'${2 & 1}',0,0,243),(846,'Invoking req.getSession() will return null.',0,0,244),(847,'Invoking req.getSession(false) will return null.',1,0,244),(848,'Invoking req.getSession(true) will return null.',0,0,244),(849,'Invoking req.getSession() will return a new session.',1,0,244),(850,'Invoking req.getSession(false) will return a new session.',0,0,244),(851,'Invoking req.getSession(true) will return a new session. ',1,0,244),(852,'Get the Request',1,0,245),(853,'Return the requested thing to user',1,0,245),(854,'Find the resources',1,0,245),(855,'Get the resources',0,0,245),(856,'server',0,0,246),(857,'client',0,0,246),(858,'browser',1,0,246),(859,'destroy()',0,0,247),(860,'init() ',1,0,247),(861,'service()',0,0,247),(862,'class loading',0,0,247),(863,'Java EE containers must support HTTP sessions, even for clients that do not support cookies',1,0,248),(864,'Java EE containers must support HTTP cookies',1,0,248),(865,'Java EE containers must support URL rewriting',0,0,248),(866,'Java EE containers must recognize the HTTP termination signal that is issued to indicate that a client session is no longer active',0,0,248),(867,'Java EE containers must support the Secure Sockets Layer',1,0,248),(868,'ServletConfig',0,0,249),(869,'ServletRequest',1,0,249),(870,'HttpSession',1,0,249),(871,'ServletContext',1,0,249),(872,'client',0,0,250),(873,'browser',0,0,250),(874,'user',0,0,250),(875,'container',1,0,250),(876,'Generic Servlet is an abtract class',1,0,251),(877,'A GenericServlet has a service() method to handle requests',1,1,251),(878,'Generic servlet implements Servlet Interface and over-rides life-cycle method',1,0,251),(879,'Genric Servlet extends HttpServlet and override doGet() method',0,1,251),(880,'All of these',0,1,252),(881,'By &',0,0,252),(882,'By comma separator',0,0,252),(883,'By ?',1,0,252),(884,'Get the Request',1,0,253),(885,'Return the requested thing to user',1,1,253),(886,'Find the resources',1,1,253),(887,'Get the resources',0,0,253),(888,'server',0,0,254),(889,'client',0,1,254),(890,'browser',1,0,254),(891,'forward',1,0,255),(892,'redirect',0,0,255),(893,'option',0,0,255),(894,'client',0,0,256),(895,'browser',0,0,256),(896,'user',0,0,256),(897,'container',1,1,256),(898,'get()',0,0,257),(899,'service()',1,1,257),(900,'init()',0,0,257),(901,'post()',0,0,257),(902,'Java EE containers must support HTTP sessions, even for clients that do not support cookies',1,0,258),(903,'Java EE containers must support HTTP cookies',1,0,258),(904,'Java EE containers must support URL rewriting',0,0,258),(905,'Java EE containers must recognize the HTTP termination signal that is issued to indicate that a client session is no longer active',0,0,258),(906,'Java EE containers must support the Secure Sockets Layer',1,0,258),(907,'${1 plus 2}',0,0,259),(908,'${1 eq 2}',1,0,259),(909,'${2 div 1}',1,0,259),(910,'${\"1\" + \"2\"}',1,0,259),(911,'${2 & 1}',0,0,259),(912,'Invoking req.getSession() will return null.',0,0,260),(913,'Invoking req.getSession(false) will return null.',1,0,260),(914,'Invoking req.getSession(true) will return null.',0,0,260),(915,'Invoking req.getSession() will return a new session.',1,0,260),(916,'Invoking req.getSession(false) will return a new session.',0,0,260),(917,'Invoking req.getSession(true) will return a new session. ',1,0,260),(918,'ans1',0,0,261),(919,'ans3',0,0,261),(920,'ans2',1,0,261),(921,'34253125',1,0,262),(922,'wrqwr',0,0,262),(923,'214241234',1,0,262),(924,'fdsfgsdg',1,0,263),(925,'rewqrwer',1,0,263),(926,'41324513',1,0,263),(927,'',0,1,263),(928,'container',1,1,264),(929,'browser',0,0,264),(930,'client',0,0,264),(931,'user',0,0,264),(932,'By comma separator',0,0,265),(933,'By ?',1,1,265),(934,'By &',0,0,265),(935,'All of these',0,0,265),(936,'Invoking req.getSession(true) will return a new session. ',1,0,266),(937,'Invoking req.getSession() will return null.',0,1,266),(938,'Invoking req.getSession() will return a new session.',1,1,266),(939,'Invoking req.getSession(false) will return a new session.',0,1,266),(940,'Invoking req.getSession(true) will return null.',0,0,266),(941,'Invoking req.getSession(false) will return null.',1,0,266),(942,'Return the requested thing to user',1,0,267),(943,'Find the resources',1,0,267),(944,'Get the resources',0,1,267),(945,'Get the Request',1,1,267),(946,'${2 div 1}',1,0,268),(947,'${1 plus 2}',0,0,268),(948,'${1 eq 2}',1,1,268),(949,'${\"1\" + \"2\"}',1,1,268),(950,'${2 & 1}',0,0,268),(951,'service()',1,0,269),(952,'post()',0,0,269),(953,'init()',0,1,269),(954,'get()',0,0,269),(955,'A GenericServlet has a service() method to handle requests',1,0,270),(956,'Generic servlet implements Servlet Interface and over-rides life-cycle method',1,1,270),(957,'Generic Servlet is an abtract class',1,1,270),(958,'Genric Servlet extends HttpServlet and override doGet() method',0,1,270),(959,'forward',1,1,271),(960,'option',0,0,271),(961,'redirect',0,0,271),(962,'Java EE containers must support HTTP sessions, even for clients that do not support cookies',1,0,272),(963,'Java EE containers must recognize the HTTP termination signal that is issued to indicate that a client session is no longer active',0,0,272),(964,'Java EE containers must support URL rewriting',0,1,272),(965,'Java EE containers must support the Secure Sockets Layer',1,1,272),(966,'Java EE containers must support HTTP cookies',1,1,272),(967,'client',0,0,273),(968,'browser',1,1,273),(969,'server',0,0,273),(970,'${2 div 1}',1,0,274),(971,'${1 plus 2}',0,0,274),(972,'${2 & 1}',0,0,274),(973,'${\"1\" + \"2\"}',1,0,274),(974,'${1 eq 2}',1,0,274),(975,'Get the resources',0,0,275),(976,'Get the Request',1,0,275),(977,'Find the resources',1,0,275),(978,'Return the requested thing to user',1,0,275),(979,'Java EE containers must support URL rewriting',0,0,276),(980,'Java EE containers must recognize the HTTP termination signal that is issued to indicate that a client session is no longer active',0,0,276),(981,'Java EE containers must support HTTP sessions, even for clients that do not support cookies',1,0,276),(982,'Java EE containers must support the Secure Sockets Layer',1,0,276),(983,'Java EE containers must support HTTP cookies',1,0,276),(984,'option',0,0,277),(985,'forward',1,0,277),(986,'redirect',0,0,277),(987,'Invoking req.getSession(false) will return a new session.',0,1,278),(988,'Invoking req.getSession() will return null.',0,0,278),(989,'Invoking req.getSession() will return a new session.',1,0,278),(990,'Invoking req.getSession(true) will return null.',0,0,278),(991,'Invoking req.getSession(true) will return a new session. ',1,1,278),(992,'Invoking req.getSession(false) will return null.',1,1,278),(993,'class loading',0,0,279),(994,'service()',0,0,279),(995,'destroy()',0,0,279),(996,'init() ',1,0,279),(997,'get()',0,0,280),(998,'init()',0,0,280),(999,'post()',0,0,280),(1000,'service()',1,0,280),(1001,'container',1,0,281),(1002,'browser',0,0,281),(1003,'user',0,0,281),(1004,'client',0,0,281),(1005,'By &',0,0,282),(1006,'All of these',0,0,282),(1007,'By comma separator',0,0,282),(1008,'By ?',1,0,282),(1009,'ServletContext',1,0,283),(1010,'HttpSession',1,0,283),(1011,'ServletRequest',1,0,283),(1012,'ServletConfig',0,0,283),(1013,'${2 div 1}',1,0,284),(1014,'${1 plus 2}',0,0,284),(1015,'${2 & 1}',0,0,284),(1016,'${\"1\" + \"2\"}',1,0,284),(1017,'${1 eq 2}',1,0,284),(1018,'Generic Servlet is an abtract class',1,0,285),(1019,'A GenericServlet has a service() method to handle requests',1,0,285),(1020,'Generic servlet implements Servlet Interface and over-rides life-cycle method',1,0,285),(1021,'Genric Servlet extends HttpServlet and override doGet() method',0,0,285),(1022,'browser',1,0,286),(1023,'client',0,0,286),(1024,'server',0,0,286),(1025,'class loading',0,0,287),(1026,'service()',0,0,287),(1027,'destroy()',0,0,287),(1028,'init() ',1,0,287),(1029,'By &',0,0,288),(1030,'All of these',0,0,288),(1031,'By comma separator',0,0,288),(1032,'By ?',1,0,288),(1033,'Java EE containers must support URL rewriting',0,0,289),(1034,'Java EE containers must recognize the HTTP termination signal that is issued to indicate that a client session is no longer active',0,0,289),(1035,'Java EE containers must support HTTP sessions, even for clients that do not support cookies',1,0,289),(1036,'Java EE containers must support the Secure Sockets Layer',1,0,289),(1037,'Java EE containers must support HTTP cookies',1,0,289),(1038,'ServletContext',1,0,290),(1039,'HttpSession',1,0,290),(1040,'ServletRequest',1,0,290),(1041,'ServletConfig',0,0,290),(1042,'Invoking req.getSession(false) will return a new session.',0,0,291),(1043,'Invoking req.getSession() will return null.',0,0,291),(1044,'Invoking req.getSession() will return a new session.',1,1,291),(1045,'Invoking req.getSession(true) will return null.',0,0,291),(1046,'Invoking req.getSession(true) will return a new session. ',1,1,291),(1047,'Invoking req.getSession(false) will return null.',1,1,291),(1048,'get()',0,0,292),(1049,'init()',0,0,292),(1050,'post()',0,0,292),(1051,'service()',1,0,292),(1052,'Get the resources',0,0,293),(1053,'Get the Request',1,0,293),(1054,'Find the resources',1,0,293),(1055,'Return the requested thing to user',1,0,293),(1097,'redirect',0,0,304),(1098,'option',0,0,304),(1099,'forward',1,0,304),(1100,'${1 plus 2}',0,0,305),(1101,'${\"1\" + \"2\"}',1,0,305),(1102,'${2 & 1}',0,0,305),(1103,'${1 eq 2}',1,0,305),(1104,'${2 div 1}',1,0,305),(1105,'client',0,0,306),(1106,'user',0,0,306),(1107,'container',1,0,306),(1108,'browser',0,0,306),(1109,'Get the Request',1,0,307),(1110,'Return the requested thing to user',1,0,307),(1111,'Find the resources',1,0,307),(1112,'Get the resources',0,0,307),(1113,'ServletContext',1,0,308),(1114,'HttpSession',1,0,308),(1115,'ServletConfig',0,0,308),(1116,'ServletRequest',1,0,308),(1117,'Java EE containers must support HTTP cookies',1,0,309),(1118,'Java EE containers must support URL rewriting',0,0,309),(1119,'Java EE containers must support HTTP sessions, even for clients that do not support cookies',1,0,309),(1120,'Java EE containers must recognize the HTTP termination signal that is issued to indicate that a client session is no longer active',0,0,309),(1121,'Java EE containers must support the Secure Sockets Layer',1,0,309),(1122,'By ?',1,0,310),(1123,'All of these',0,0,310),(1124,'By comma separator',0,0,310),(1125,'By &',0,0,310),(1126,'get()',0,0,311),(1127,'init()',0,0,311),(1128,'service()',1,0,311),(1129,'post()',0,0,311),(1130,'Invoking req.getSession(true) will return a new session. ',1,0,312),(1131,'Invoking req.getSession() will return null.',0,1,312),(1132,'Invoking req.getSession() will return a new session.',1,0,312),(1133,'Invoking req.getSession(true) will return null.',0,1,312),(1134,'Invoking req.getSession(false) will return a new session.',0,1,312),(1135,'Invoking req.getSession(false) will return null.',1,0,312),(1136,'client',0,0,313),(1137,'server',0,0,313),(1138,'browser',1,0,313),(1139,'service()',1,0,314),(1140,'init()',0,1,314),(1141,'get()',0,0,314),(1142,'post()',0,0,314),(1143,'service()',0,0,315),(1144,'destroy()',0,0,315),(1145,'init() ',1,1,315),(1146,'class loading',0,0,315),(1147,'container',1,0,316),(1148,'user',0,0,316),(1149,'client',0,1,316),(1150,'browser',0,0,316),(1151,'Invoking req.getSession(true) will return null.',0,0,317),(1152,'Invoking req.getSession(false) will return null.',1,0,317),(1153,'Invoking req.getSession(false) will return a new session.',0,1,317),(1154,'Invoking req.getSession(true) will return a new session. ',1,1,317),(1155,'Invoking req.getSession() will return null.',0,1,317),(1156,'Invoking req.getSession() will return a new session.',1,0,317),(1157,'Java EE containers must support HTTP sessions, even for clients that do not support cookies',1,0,318),(1158,'Java EE containers must support the Secure Sockets Layer',1,1,318),(1159,'Java EE containers must support HTTP cookies',1,1,318),(1160,'Java EE containers must recognize the HTTP termination signal that is issued to indicate that a client session is no longer active',0,1,318),(1161,'Java EE containers must support URL rewriting',0,0,318),(1162,'Generic Servlet is an abtract class',1,0,319),(1163,'Genric Servlet extends HttpServlet and override doGet() method',0,1,319),(1164,'Generic servlet implements Servlet Interface and over-rides life-cycle method',1,1,319),(1165,'A GenericServlet has a service() method to handle requests',1,0,319),(1166,'Find the resources',1,0,320),(1167,'Return the requested thing to user',1,0,320),(1168,'Get the Request',1,1,320),(1169,'Get the resources',0,1,320),(1170,'HttpSession',1,0,321),(1171,'ServletRequest',1,0,321),(1172,'ServletConfig',0,1,321),(1173,'ServletContext',1,1,321),(1174,'server',0,0,322),(1175,'browser',1,1,322),(1176,'client',0,0,322),(1177,'By comma separator',0,0,323),(1178,'By ?',1,1,323),(1179,'All of these',0,0,323),(1180,'By &',0,0,323),(1181,'ans1',0,1,324),(1182,'ans3',0,0,324),(1183,'ans2',1,0,324),(1184,'214241234',1,0,325),(1185,'wrqwr',0,1,325),(1186,'34253125',1,1,325),(1187,'fdsfgsdg',1,0,326),(1188,'41324513',1,0,326),(1189,'rewqrwer',1,0,326),(1190,'sfnsffnm',0,1,326),(1191,'ans1',0,0,327),(1192,'ans3',0,1,327),(1193,'ans2',1,0,327),(1194,'214241234',1,1,328),(1195,'wrqwr',0,1,328),(1196,'34253125',1,0,328),(1197,'fdsfgsdg',1,0,329),(1198,'41324513',1,0,329),(1199,'rewqrwer',1,0,329),(1200,'hadfhadha',0,1,329),(1201,'etrewqtg',0,0,330),(1202,'jjfzsjsfjsfj',0,1,330),(1203,'46346737',1,1,330),(1204,'fdsfgsdg',1,0,331),(1205,'41324513',1,0,331),(1206,'rewqrwer',1,0,331),(1207,'',0,1,331),(1208,'214241234',1,0,332),(1209,'wrqwr',0,0,332),(1210,'34253125',1,0,332),(1211,'ans1',0,0,333),(1212,'ans3',0,0,333),(1213,'ans2',1,0,333),(1214,'etrewqtg',0,0,334),(1215,'jjfzsjsfjsfj',0,0,334),(1216,'46346737',1,0,334),(1217,'214241234',1,1,335),(1218,'wrqwr',0,0,335),(1219,'34253125',1,1,335),(1220,'1',0,0,336),(1221,'2',0,0,336),(1222,'3',1,1,336),(1223,'4',0,0,336),(1224,'fdsfgsdg',1,0,337),(1225,'41324513',1,0,337),(1226,'rewqrwer',1,0,337),(1227,'41324513',0,1,337),(1228,'etrewqtg',0,0,338),(1229,'jjfzsjsfjsfj',0,0,338),(1230,'46346737',1,1,338),(1231,'etrewqtg',0,0,339),(1232,'jjfzsjsfjsfj',0,0,339),(1233,'46346737',1,0,339),(1234,'1',0,0,340),(1235,'2',0,0,340),(1236,'3',1,0,340),(1237,'4',0,0,340),(1238,'fdsfgsdg',1,0,341),(1239,'41324513',1,0,341),(1240,'rewqrwer',1,0,341),(1241,'fdsfgsdg',0,1,341),(1242,'ans1',0,0,342),(1243,'ans3',0,0,342),(1244,'ans2',1,0,342),(1245,'wrqwr',0,0,343),(1246,'34253125',1,0,343),(1247,'214241234',1,0,343),(1248,'rewqrwer',1,0,344),(1249,'41324513',1,0,344),(1250,'fdsfgsdg',1,0,344),(1251,'41324513',0,1,344),(1252,'3',1,0,345),(1253,'2',0,0,345),(1254,'4',0,0,345),(1255,'1',0,0,345),(1256,'46346737',1,0,346),(1257,'etrewqtg',0,0,346),(1258,'jjfzsjsfjsfj',0,0,346),(1259,'wrqwr',0,0,347),(1260,'34253125',1,0,347),(1261,'214241234',1,0,347),(1262,'46346737',1,0,348),(1263,'etrewqtg',0,0,348),(1264,'jjfzsjsfjsfj',0,0,348),(1265,'3',1,0,349),(1266,'2',0,0,349),(1267,'4',0,0,349),(1268,'1',0,0,349),(1269,'rewqrwer',1,0,350),(1270,'41324513',1,0,350),(1271,'fdsfgsdg',1,0,350),(1272,'41324513',0,1,350),(1273,'ans1',0,0,351),(1274,'ans2',1,0,351),(1275,'ans3',0,0,351),(1276,'rewqrwer',1,0,352),(1277,'41324513',1,0,352),(1278,'fdsfgsdg',1,0,352),(1279,'41324513',0,1,352),(1280,'3',1,0,353),(1281,'2',0,0,353),(1282,'4',0,0,353),(1283,'1',0,0,353),(1284,'46346737',1,0,354),(1285,'etrewqtg',0,0,354),(1286,'jjfzsjsfjsfj',0,0,354),(1287,'46346737',1,0,355),(1288,'etrewqtg',0,0,355),(1289,'jjfzsjsfjsfj',0,0,355),(1290,'rewqrwer',1,0,356),(1291,'41324513',1,0,356),(1292,'fdsfgsdg',1,0,356),(1293,'41324513',0,1,356),(1294,'ans1',0,0,357),(1295,'ans2',1,0,357),(1296,'ans3',0,0,357),(1297,'3',1,0,358),(1298,'2',0,0,358),(1299,'4',0,0,358),(1300,'1',0,0,358),(1301,'46346737',1,0,359),(1302,'etrewqtg',0,0,359),(1303,'jjfzsjsfjsfj',0,0,359),(1304,'3',1,0,360),(1305,'2',0,0,360),(1306,'4',0,0,360),(1307,'1',0,0,360),(1308,'wrqwr',0,0,361),(1309,'34253125',1,0,361),(1310,'214241234',1,0,361),(1311,'rewqrwer',1,0,362),(1312,'41324513',1,0,362),(1313,'fdsfgsdg',1,0,362),(1314,'fdsfgsdg',0,1,362),(1315,'fdsfgsdg',0,1,362),(1316,'ans1',0,0,363),(1317,'ans2',1,0,363),(1318,'ans3',0,0,363),(1319,'wrqwr',0,0,364),(1320,'34253125',1,0,364),(1321,'214241234',1,0,364),(1322,'3',1,0,365),(1323,'2',0,0,365),(1324,'4',0,0,365),(1325,'1',0,0,365),(1326,'rewqrwer',1,0,366),(1327,'41324513',1,0,366),(1328,'fdsfgsdg',1,0,366),(1329,'41324513',0,1,366),(1330,'46346737',1,0,367),(1331,'etrewqtg',0,0,367),(1332,'jjfzsjsfjsfj',0,0,367),(1333,'ans1',0,0,368),(1334,'ans3',0,0,368),(1335,'ans2',1,0,368),(1336,'etrewqtg',0,0,369),(1337,'46346737',1,0,369),(1338,'jjfzsjsfjsfj',0,0,369),(1339,'4',0,0,370),(1340,'1',0,0,370),(1341,'3',1,0,370),(1342,'2',0,0,370),(1343,'fdsfgsdg',1,0,371),(1344,'41324513',1,0,371),(1345,'rewqrwer',1,0,371),(1346,'rewqrwer',0,1,371),(1347,'214241234',1,0,372),(1348,'wrqwr',0,0,372),(1349,'34253125',1,0,372),(1350,'4',0,0,373),(1351,'1',0,0,373),(1352,'3',1,0,373),(1353,'2',0,0,373),(1354,'ans1',0,0,374),(1355,'ans3',0,0,374),(1356,'ans2',1,0,374),(1357,'etrewqtg',0,0,375),(1358,'46346737',1,1,375),(1359,'jjfzsjsfjsfj',0,0,375),(1360,'fdsfgsdg',1,0,376),(1361,'41324513',1,0,376),(1362,'rewqrwer',1,0,376),(1363,'rewqrwer',0,1,376),(1364,'214241234',1,0,377),(1365,'wrqwr',0,0,377),(1366,'34253125',1,0,377),(1367,'3',1,0,378),(1368,'4',0,0,378),(1369,'2',0,0,378),(1370,'1',0,0,378),(1371,'wrqwr',0,0,379),(1372,'214241234',1,0,379),(1373,'34253125',1,0,379),(1374,'ans1',0,0,380),(1375,'ans3',0,0,380),(1376,'ans2',1,0,380),(1377,'jjfzsjsfjsfj',0,0,381),(1378,'46346737',1,1,381),(1379,'etrewqtg',0,0,381),(1380,'41324513',1,0,382),(1381,'rewqrwer',1,0,382),(1382,'fdsfgsdg',1,0,382),(1383,'checkedAnswer',0,1,382),(1384,'jjfzsjsfjsfj',0,0,383),(1385,'46346737',1,0,383),(1386,'etrewqtg',0,0,383),(1387,'ans1',0,0,384),(1388,'ans3',0,1,384),(1389,'ans2',1,0,384),(1390,'41324513',1,0,385),(1391,'rewqrwer',1,0,385),(1392,'fdsfgsdg',1,0,385),(1393,'41324513',1,1,385),(1394,'3',1,0,386),(1395,'4',0,0,386),(1396,'2',0,0,386),(1397,'1',0,0,386),(1398,'wrqwr',0,0,387),(1399,'214241234',1,0,387),(1400,'34253125',1,0,387),(1401,'container',1,0,388),(1402,'client',0,1,388),(1403,'user',0,1,388),(1404,'browser',0,0,388),(1405,'Generic Servlet is an abtract class',1,0,389),(1406,'A GenericServlet has a service() method to handle requests',1,1,389),(1407,'Generic servlet implements Servlet Interface and over-rides life-cycle method',1,1,389),(1408,'Genric Servlet extends HttpServlet and override doGet() method',0,1,389),(1409,'${1 plus 2}',0,0,390),(1410,'${2 div 1}',1,0,390),(1411,'${2 & 1}',0,1,390),(1412,'${1 eq 2}',1,1,390),(1413,'${\"1\" + \"2\"}',1,1,390),(1414,'Get the resources',0,0,391),(1415,'Get the Request',1,0,391),(1416,'Find the resources',1,0,391),(1417,'Return the requested thing to user',1,0,391),(1418,'init()',0,0,392),(1419,'post()',0,1,392),(1420,'get()',0,0,392),(1421,'service()',1,0,392),(1422,'service()',0,0,393),(1423,'class loading',0,0,393),(1424,'destroy()',0,0,393),(1425,'init() ',1,1,393),(1426,'By comma separator',0,0,394),(1427,'By ?',1,0,394),(1428,'By &',0,0,394),(1429,'All of these',0,0,394),(1430,'Java EE containers must support URL rewriting',0,0,395),(1431,'Java EE containers must recognize the HTTP termination signal that is issued to indicate that a client session is no longer active',0,1,395),(1432,'Java EE containers must support the Secure Sockets Layer',1,1,395),(1433,'Java EE containers must support HTTP sessions, even for clients that do not support cookies',1,0,395),(1434,'Java EE containers must support HTTP cookies',1,0,395),(1435,'ServletContext',1,0,396),(1436,'HttpSession',1,1,396),(1437,'ServletRequest',1,1,396),(1438,'ServletConfig',0,0,396),(1439,'server',0,0,397),(1440,'browser',1,0,397),(1441,'client',0,1,397),(1442,'server',0,0,398),(1443,'client',0,1,398),(1444,'browser',1,0,398),(1445,'ServletRequest',1,0,399),(1446,'ServletContext',1,1,399),(1447,'HttpSession',1,1,399),(1448,'ServletConfig',0,0,399),(1449,'Invoking req.getSession(true) will return a new session. ',1,0,400),(1450,'Invoking req.getSession() will return null.',0,0,400),(1451,'Invoking req.getSession(false) will return a new session.',0,1,400),(1452,'Invoking req.getSession(false) will return null.',1,1,400),(1453,'Invoking req.getSession() will return a new session.',1,1,400),(1454,'Invoking req.getSession(true) will return null.',0,0,400),(1455,'service()',0,0,401),(1456,'init() ',1,1,401),(1457,'destroy()',0,1,401),(1458,'class loading',0,1,401),(1459,'sdgsdg',1,0,402),(1460,'sdgsd',1,0,402),(1461,'dgsdgsd',1,0,402),(1462,'gasgadgasdg',0,1,402),(1463,'A GenericServlet has a service() method to handle requests',1,0,403),(1464,'Generic Servlet is an abtract class',1,1,403),(1465,'Genric Servlet extends HttpServlet and override doGet() method',0,1,403),(1466,'Generic servlet implements Servlet Interface and over-rides life-cycle method',1,0,403),(1467,'Java EE containers must support URL rewriting',0,0,404),(1468,'Java EE containers must recognize the HTTP termination signal that is issued to indicate that a client session is no longer active',0,0,404),(1469,'Java EE containers must support the Secure Sockets Layer',1,1,404),(1470,'Java EE containers must support HTTP cookies',1,1,404),(1471,'Java EE containers must support HTTP sessions, even for clients that do not support cookies',1,0,404),(1472,'All of these',0,0,405),(1473,'By ?',1,1,405),(1474,'By &',0,1,405),(1475,'By comma separator',0,0,405),(1476,'init()',0,0,406),(1477,'service()',1,0,406),(1478,'post()',0,0,406),(1479,'get()',0,1,406),(1480,'${1 plus 2}',0,0,407),(1481,'${2 div 1}',1,1,407),(1482,'${\"1\" + \"2\"}',1,1,407),(1483,'${1 eq 2}',1,1,407),(1484,'${2 & 1}',0,0,407),(1485,'option',0,0,408),(1486,'forward',1,1,408),(1487,'redirect',0,0,408),(1488,'${1 plus 2}',0,0,409),(1489,'${2 div 1}',1,1,409),(1490,'${\"1\" + \"2\"}',1,1,409),(1491,'${1 eq 2}',1,1,409),(1492,'${2 & 1}',0,1,409),(1493,'ServletRequest',1,1,410),(1494,'ServletContext',1,1,410),(1495,'HttpSession',1,1,410),(1496,'ServletConfig',0,0,410),(1497,'A GenericServlet has a service() method to handle requests',1,0,411),(1498,'Generic Servlet is an abtract class',1,1,411),(1499,'Genric Servlet extends HttpServlet and override doGet() method',0,1,411),(1500,'Generic servlet implements Servlet Interface and over-rides life-cycle method',1,1,411),(1501,'container',1,0,412),(1502,'browser',0,0,412),(1503,'user',0,1,412),(1504,'client',0,0,412),(1505,'All of these',0,0,413),(1506,'By ?',1,1,413),(1507,'By &',0,0,413),(1508,'By comma separator',0,0,413),(1509,'Java EE containers must support URL rewriting',0,0,414),(1510,'Java EE containers must recognize the HTTP termination signal that is issued to indicate that a client session is no longer active',0,1,414),(1511,'Java EE containers must support the Secure Sockets Layer',1,1,414),(1512,'Java EE containers must support HTTP cookies',1,1,414),(1513,'Java EE containers must support HTTP sessions, even for clients that do not support cookies',1,0,414),(1514,'server',0,0,415),(1515,'client',0,0,415),(1516,'browser',1,1,415),(1517,'Invoking req.getSession(true) will return a new session. ',1,0,416),(1518,'Invoking req.getSession() will return null.',0,0,416),(1519,'Invoking req.getSession(false) will return a new session.',0,0,416),(1520,'Invoking req.getSession(false) will return null.',1,1,416),(1521,'Invoking req.getSession() will return a new session.',1,1,416),(1522,'Invoking req.getSession(true) will return null.',0,1,416),(1523,'init()',0,0,417),(1524,'service()',1,0,417),(1525,'post()',0,1,417),(1526,'get()',0,0,417),(1527,'Get the Request',1,1,418),(1528,'Get the resources',0,1,418),(1529,'Find the resources',1,1,418),(1530,'Return the requested thing to user',1,0,418),(1531,'service()',0,0,419),(1532,'init() ',1,1,419),(1533,'destroy()',0,0,419),(1534,'class loading',0,0,419),(1535,'sdgsdg',1,0,420),(1536,'sdgsd',1,0,420),(1537,'dgsdgsd',1,0,420),(1538,'sdgsdg',1,1,420),(1539,'etrewqtg',0,1,421),(1540,'46346737',1,1,421),(1541,'jjfzsjsfjsfj',0,0,421),(1542,'214241234',1,1,422),(1543,'wrqwr',0,1,422),(1544,'34253125',1,0,422),(1545,'2',0,1,423),(1546,'1',0,1,423),(1547,'4',0,0,423),(1548,'3',1,1,423),(1549,'rewqrwer',1,0,424),(1550,'41324513',1,0,424),(1551,'fdsfgsdg',1,0,424),(1552,'hyadhadhad',0,1,424),(1553,'ans2',1,1,425),(1554,'ans1',0,0,425),(1555,'ans3',0,0,425),(1556,'forward',1,1,426),(1557,'option',0,0,426),(1558,'redirect',0,0,426),(1559,'client',0,0,427),(1560,'browser',0,0,427),(1561,'container',1,0,427),(1562,'user',0,0,427),(1563,'sdgsd',1,0,428),(1564,'dgsdgsd',1,0,428),(1565,'sdgsdg',1,0,428),(1566,'',0,1,428),(1567,'Java EE containers must support the Secure Sockets Layer',1,0,429),(1568,'Java EE containers must support URL rewriting',0,0,429),(1569,'Java EE containers must support HTTP cookies',1,0,429),(1570,'Java EE containers must support HTTP sessions, even for clients that do not support cookies',1,0,429),(1571,'Java EE containers must recognize the HTTP termination signal that is issued to indicate that a client session is no longer active',0,0,429),(1572,'Return the requested thing to user',1,0,430),(1573,'Find the resources',1,0,430),(1574,'Get the resources',0,0,430),(1575,'Get the Request',1,0,430),(1576,'browser',1,0,431),(1577,'client',0,0,431),(1578,'server',0,0,431),(1579,'By &',0,0,432),(1580,'All of these',0,0,432),(1581,'By comma separator',0,0,432),(1582,'By ?',1,0,432),(1583,'ServletConfig',0,0,433),(1584,'HttpSession',1,0,433),(1585,'ServletRequest',1,0,433),(1586,'ServletContext',1,0,433),(1587,'A GenericServlet has a service() method to handle requests',1,0,434),(1588,'Genric Servlet extends HttpServlet and override doGet() method',0,0,434),(1589,'Generic servlet implements Servlet Interface and over-rides life-cycle method',1,0,434),(1590,'Generic Servlet is an abtract class',1,0,434),(1591,'Invoking req.getSession(false) will return a new session.',0,0,435),(1592,'Invoking req.getSession(false) will return null.',1,0,435),(1593,'Invoking req.getSession(true) will return null.',0,0,435),(1594,'Invoking req.getSession(true) will return a new session. ',1,0,435),(1595,'Invoking req.getSession() will return a new session.',1,0,435),(1596,'Invoking req.getSession() will return null.',0,0,435),(1597,'${1 eq 2}',1,0,436),(1598,'${\"1\" + \"2\"}',1,0,436),(1599,'${2 div 1}',1,0,436),(1600,'${1 plus 2}',0,0,436),(1601,'${2 & 1}',0,0,436),(1602,'service()',1,0,437),(1603,'init()',0,0,437),(1604,'post()',0,0,437),(1605,'get()',0,0,437),(1606,'class loading',0,0,438),(1607,'destroy()',0,0,438),(1608,'init() ',1,0,438),(1609,'service()',0,0,438),(1610,'${1 eq 2}',1,0,439),(1611,'${\"1\" + \"2\"}',1,0,439),(1612,'${2 div 1}',1,0,439),(1613,'${1 plus 2}',0,0,439),(1614,'${2 & 1}',0,0,439),(1615,'Return the requested thing to user',1,0,440),(1616,'Find the resources',1,0,440),(1617,'Get the resources',0,0,440),(1618,'Get the Request',1,0,440),(1619,'forward',1,0,441),(1620,'option',0,1,441),(1621,'redirect',0,0,441),(1622,'ServletConfig',0,0,442),(1623,'HttpSession',1,0,442),(1624,'ServletRequest',1,0,442),(1625,'ServletContext',1,0,442),(1626,'Invoking req.getSession(false) will return a new session.',0,0,443),(1627,'Invoking req.getSession(false) will return null.',1,0,443),(1628,'Invoking req.getSession(true) will return null.',0,0,443),(1629,'Invoking req.getSession(true) will return a new session. ',1,0,443),(1630,'Invoking req.getSession() will return a new session.',1,0,443),(1631,'Invoking req.getSession() will return null.',0,0,443),(1632,'Java EE containers must support the Secure Sockets Layer',1,0,444),(1633,'Java EE containers must support URL rewriting',0,0,444),(1634,'Java EE containers must support HTTP cookies',1,0,444),(1635,'Java EE containers must support HTTP sessions, even for clients that do not support cookies',1,0,444),(1636,'Java EE containers must recognize the HTTP termination signal that is issued to indicate that a client session is no longer active',0,0,444),(1637,'browser',1,0,445),(1638,'client',0,0,445),(1639,'server',0,0,445),(1640,'By &',0,0,446),(1641,'All of these',0,1,446),(1642,'By comma separator',0,0,446),(1643,'By ?',1,0,446),(1644,'service()',1,0,447),(1645,'init()',0,0,447),(1646,'post()',0,1,447),(1647,'get()',0,0,447),(1648,'sdgsd',1,0,448),(1649,'dgsdgsd',1,0,448),(1650,'sdgsdg',1,0,448),(1651,'',0,1,448),(1652,'A GenericServlet has a service() method to handle requests',1,0,449),(1653,'Genric Servlet extends HttpServlet and override doGet() method',0,0,449),(1654,'Generic servlet implements Servlet Interface and over-rides life-cycle method',1,0,449),(1655,'Generic Servlet is an abtract class',1,0,449),(1656,'client',0,1,450),(1657,'browser',0,0,450),(1658,'container',1,0,450),(1659,'user',0,0,450),(1660,'class loading',0,0,451),(1661,'destroy()',0,0,451),(1662,'init() ',1,1,451),(1663,'service()',0,0,451),(1664,'browser',1,1,452),(1665,'server',0,0,452),(1666,'client',0,1,452),(1667,'forward',1,0,453),(1668,'redirect',0,1,453),(1669,'option',0,1,453),(1670,'By &',0,0,454),(1671,'All of these',0,0,454),(1672,'By ?',1,0,454),(1673,'By comma separator',0,1,454),(1674,'Java EE containers must support HTTP sessions, even for clients that do not support cookies',1,0,455),(1675,'Java EE containers must support the Secure Sockets Layer',1,0,455),(1676,'Java EE containers must support URL rewriting',0,1,455),(1677,'Java EE containers must support HTTP cookies',1,1,455),(1678,'Java EE containers must recognize the HTTP termination signal that is issued to indicate that a client session is no longer active',0,1,455),(1679,'Invoking req.getSession() will return null.',0,0,456),(1680,'Invoking req.getSession(false) will return null.',1,0,456),(1681,'Invoking req.getSession(true) will return a new session. ',1,0,456),(1682,'Invoking req.getSession(true) will return null.',0,0,456),(1683,'Invoking req.getSession(false) will return a new session.',0,0,456),(1684,'Invoking req.getSession() will return a new session.',1,0,456),(1685,'ServletConfig',0,0,457),(1686,'ServletRequest',1,0,457),(1687,'ServletContext',1,0,457),(1688,'HttpSession',1,0,457),(1689,'client',0,1,458),(1690,'browser',0,1,458),(1691,'user',0,1,458),(1692,'container',1,0,458),(1693,'Generic servlet implements Servlet Interface and over-rides life-cycle method',1,0,459),(1694,'A GenericServlet has a service() method to handle requests',1,0,459),(1695,'Genric Servlet extends HttpServlet and override doGet() method',0,0,459),(1696,'Generic Servlet is an abtract class',1,0,459),(1697,'get()',0,1,460),(1698,'post()',0,1,460),(1699,'service()',1,0,460),(1700,'init()',0,1,460),(1701,'${1 eq 2}',1,0,461),(1702,'${2 div 1}',1,0,461),(1703,'${\"1\" + \"2\"}',1,0,461),(1704,'${1 plus 2}',0,0,461),(1705,'${2 & 1}',0,0,461),(1706,'sdgsdg',1,0,462),(1707,'sdgsd',1,0,462),(1708,'dgsdgsd',1,0,462),(1709,'',0,1,462),(1710,'Return the requested thing to user',1,0,463),(1711,'Get the resources',0,0,463),(1712,'Find the resources',1,0,463),(1713,'Get the Request',1,0,463),(1714,'destroy()',0,0,464),(1715,'class loading',0,0,464),(1716,'init() ',1,1,464),(1717,'service()',0,0,464),(1718,'46346737',1,1,465),(1719,'etrewqtg',0,1,465),(1720,'jjfzsjsfjsfj',0,0,465),(1721,'3',1,0,466),(1722,'2',0,1,466),(1723,'4',0,0,466),(1724,'1',0,0,466),(1725,'41324513',1,0,467),(1726,'rewqrwer',1,0,467),(1727,'fdsfgsdg',1,0,467),(1728,'dhnd',0,1,467),(1729,'ans2',1,0,468),(1730,'ans1',0,1,468),(1731,'ans3',0,0,468),(1732,'34253125',1,1,469),(1733,'wrqwr',0,1,469),(1734,'214241234',1,0,469),(1735,'214241234',1,1,470),(1736,'34253125',1,1,470),(1737,'wrqwr',0,0,470),(1738,'ans1',0,0,471),(1739,'ans3',0,0,471),(1740,'ans2',1,1,471),(1741,'etrewqtg',0,0,472),(1742,'46346737',1,1,472),(1743,'jjfzsjsfjsfj',0,1,472),(1744,'fdsfgsdg',1,0,473),(1745,'41324513',1,0,473),(1746,'rewqrwer',1,0,473),(1747,'sfmx,xv,m ',0,1,473),(1748,'2',0,1,474),(1749,'4',0,0,474),(1750,'1',0,0,474),(1751,'3',1,0,474),(1752,' KeyError ',0,1,475),(1753,'1',0,0,475),(1754,'2',0,1,476),(1755,'3',0,0,476),(1756,'(2,3)',1,0,476),(1757,'KeyError',1,0,477),(1758,'[1,2]',0,0,477),(1759,'{\'a\':1,\'b\':2}',0,1,477),(1760,'It causes SyntaxError',0,0,478),(1761,'{\'a\': 1,\'b\': 2, \'a\': 3}',0,0,478),(1762,'The behavior is undefined',0,0,478),(1763,'{\'a\': 1,\'b\': 2}',0,0,478),(1764,'{\'a\': 3,\'b\': 2}',1,1,478),(1765,'fdsfgsdg',1,0,479),(1766,'rewqrwer',1,0,479),(1767,'41324513',1,0,479),(1768,'',0,1,479),(1769,'ans1',0,0,480),(1770,'ans2',1,0,480),(1771,'ans3',0,0,480),(1772,'jjfzsjsfjsfj',0,0,481),(1773,'46346737',1,0,481),(1774,'etrewqtg',0,0,481),(1775,'34253125',1,0,482),(1776,'wrqwr',0,0,482),(1777,'tyippon',0,1,482),(1778,'214241234',1,0,482),(1779,'4',0,0,483),(1780,'1',0,0,483),(1781,'3',1,0,483),(1782,'2',0,0,483),(1783,'jjfzsjsfjsfj',0,0,484),(1784,'46346737',1,0,484),(1785,'etrewqtg',0,0,484),(1786,'4',0,0,485),(1787,'1',0,0,485),(1788,'3',1,0,485),(1789,'2',0,0,485),(1790,'fdsfgsdg',1,0,486),(1791,'rewqrwer',1,0,486),(1792,'41324513',1,0,486),(1793,'',0,1,486),(1794,'ans1',0,0,487),(1795,'ans2',1,0,487),(1796,'ans3',0,0,487),(1797,'34253125',1,0,488),(1798,'wrqwr',0,0,488),(1799,'tyippon',0,0,488),(1800,'214241234',1,1,488),(1801,'34253125',1,0,489),(1802,'wrqwr',0,0,489),(1803,'tyippon',0,1,489),(1804,'214241234',1,1,489),(1805,'fdsfgsdg',1,0,490),(1806,'rewqrwer',1,0,490),(1807,'41324513',1,0,490),(1808,'',0,1,490),(1809,'ans1',0,0,491),(1810,'ans2',1,0,491),(1811,'ans3',0,0,491),(1812,'4',0,0,492),(1813,'1',0,0,492),(1814,'3',1,0,492),(1815,'2',0,0,492),(1816,'jjfzsjsfjsfj',0,0,493),(1817,'46346737',1,0,493),(1818,'etrewqtg',0,0,493),(1819,'4',0,0,494),(1820,'1',0,0,494),(1821,'3',1,0,494),(1822,'2',0,0,494),(1823,'jjfzsjsfjsfj',0,0,495),(1824,'46346737',1,0,495),(1825,'etrewqtg',0,0,495),(1826,'fdsfgsdg',1,0,496),(1827,'rewqrwer',1,0,496),(1828,'41324513',1,0,496),(1829,'',0,1,496),(1830,'34253125',1,1,497),(1831,'wrqwr',0,1,497),(1832,'tyippon',0,1,497),(1833,'214241234',1,1,497),(1834,'ans1',0,0,498),(1835,'ans2',1,0,498),(1836,'ans3',0,0,498),(1837,'A GenericServlet has a service() method to handle requests',1,1,499),(1838,'Generic Servlet is an abtract class',1,1,499),(1839,'Generic servlet implements Servlet Interface and over-rides life-cycle method',1,1,499),(1840,'Genric Servlet extends HttpServlet and override doGet() method',0,0,499),(1841,'service()',0,0,500),(1842,'class loading',0,0,500),(1843,'destroy()',0,1,500),(1844,'init() ',1,0,500),(1845,'sdgsd',1,0,501),(1846,'sdgsdg',1,0,501),(1847,'dgsdgsd',1,0,501),(1848,'khlkhkljhb',0,1,501),(1849,'Find the resources',1,1,502),(1850,'Get the Request',1,1,502),(1851,'Return the requested thing to user',1,1,502),(1852,'Get the resources',0,0,502),(1853,'option',0,0,503),(1854,'redirect',0,0,503),(1855,'forward',1,1,503),(1856,'ServletConfig',0,0,504),(1857,'ServletRequest',1,1,504),(1858,'HttpSession',1,1,504),(1859,'ServletContext',1,0,504),(1860,'client',0,0,505),(1861,'container',1,0,505),(1862,'browser',0,1,505),(1863,'user',0,0,505),(1864,'All of these',0,0,506),(1865,'By ?',1,1,506),(1866,'By &',0,0,506),(1867,'By comma separator',0,0,506),(1868,'client',0,0,507),(1869,'browser',1,1,507),(1870,'server',0,0,507),(1871,'get()',0,0,508),(1872,'init()',0,0,508),(1873,'service()',1,1,508),(1874,'post()',0,0,508),(1875,'Java EE containers must support HTTP cookies',1,0,509),(1876,'Java EE containers must support HTTP sessions, even for clients that do not support cookies',1,1,509),(1877,'Java EE containers must recognize the HTTP termination signal that is issued to indicate that a client session is no longer active',0,1,509),(1878,'Java EE containers must support the Secure Sockets Layer',1,1,509),(1879,'Java EE containers must support URL rewriting',0,0,509),(1880,'${1 plus 2}',0,0,510),(1881,'${2 & 1}',0,0,510),(1882,'${1 eq 2}',1,1,510),(1883,'${2 div 1}',1,1,510),(1884,'${\"1\" + \"2\"}',1,1,510),(1885,'Invoking req.getSession(true) will return null.',0,0,511),(1886,'Invoking req.getSession(false) will return a new session.',0,1,511),(1887,'Invoking req.getSession() will return null.',0,1,511),(1888,'Invoking req.getSession(false) will return null.',1,1,511),(1889,'Invoking req.getSession(true) will return a new session. ',1,0,511),(1890,'Invoking req.getSession() will return a new session.',1,0,511),(1891,'client',0,0,512),(1892,'server',0,0,512),(1893,'browser',1,0,512),(1894,'By comma separator',0,0,513),(1895,'By &',0,0,513),(1896,'All of these',0,0,513),(1897,'By ?',1,0,513),(1898,'Generic Servlet is an abtract class',1,1,514),(1899,'Genric Servlet extends HttpServlet and override doGet() method',0,1,514),(1900,'Generic servlet implements Servlet Interface and over-rides life-cycle method',1,0,514),(1901,'A GenericServlet has a service() method to handle requests',1,1,514),(1902,'forward',1,0,515),(1903,'option',0,0,515),(1904,'redirect',0,0,515),(1905,'${1 plus 2}',0,0,516),(1906,'${2 div 1}',1,0,516),(1907,'${1 eq 2}',1,0,516),(1908,'${\"1\" + \"2\"}',1,0,516),(1909,'${2 & 1}',0,0,516),(1910,'user',0,0,517),(1911,'client',0,0,517),(1912,'container',1,0,517),(1913,'browser',0,0,517),(1914,'Invoking req.getSession(false) will return a new session.',0,0,518),(1915,'Invoking req.getSession(true) will return a new session. ',1,0,518),(1916,'Invoking req.getSession(true) will return null.',0,0,518),(1917,'Invoking req.getSession(false) will return null.',1,0,518),(1918,'Invoking req.getSession() will return null.',0,0,518),(1919,'Invoking req.getSession() will return a new session.',1,0,518),(1920,'init() ',1,0,519),(1921,'destroy()',0,0,519),(1922,'class loading',0,0,519),(1923,'service()',0,0,519),(1924,'HttpSession',1,0,520),(1925,'ServletRequest',1,0,520),(1926,'ServletContext',1,0,520),(1927,'ServletConfig',0,0,520),(1928,'post()',0,0,521),(1929,'service()',1,0,521),(1930,'get()',0,0,521),(1931,'init()',0,0,521),(1932,'Java EE containers must support HTTP sessions, even for clients that do not support cookies',1,0,522),(1933,'Java EE containers must support the Secure Sockets Layer',1,0,522),(1934,'Java EE containers must recognize the HTTP termination signal that is issued to indicate that a client session is no longer active',0,0,522),(1935,'Java EE containers must support HTTP cookies',1,0,522),(1936,'Java EE containers must support URL rewriting',0,0,522),(1937,'Return the requested thing to user',1,0,523),(1938,'Find the resources',1,0,523),(1939,'Get the resources',0,0,523),(1940,'Get the Request',1,0,523),(1941,'By comma separator',0,1,524),(1942,'By &',0,0,524),(1943,'All of these',0,0,524),(1944,'By ?',1,0,524),(1945,'Java EE containers must support HTTP sessions, even for clients that do not support cookies',1,0,525),(1946,'Java EE containers must support the Secure Sockets Layer',1,1,525),(1947,'Java EE containers must recognize the HTTP termination signal that is issued to indicate that a client session is no longer active',0,1,525),(1948,'Java EE containers must support HTTP cookies',1,1,525),(1949,'Java EE containers must support URL rewriting',0,0,525),(1950,'post()',0,0,526),(1951,'service()',1,1,526),(1952,'get()',0,0,526),(1953,'init()',0,0,526),(1954,'user',0,0,527),(1955,'client',0,0,527),(1956,'container',1,0,527),(1957,'browser',0,1,527),(1958,'forward',1,0,528),(1959,'option',0,0,528),(1960,'redirect',0,1,528),(1961,'HttpSession',1,0,529),(1962,'ServletRequest',1,1,529),(1963,'ServletContext',1,1,529),(1964,'ServletConfig',0,1,529),(1965,'Return the requested thing to user',1,1,530),(1966,'Find the resources',1,1,530),(1967,'Get the resources',0,0,530),(1968,'Get the Request',1,0,530),(1969,'init() ',1,0,531),(1970,'destroy()',0,0,531),(1971,'class loading',0,0,531),(1972,'service()',0,1,531),(1973,'client',0,0,532),(1974,'server',0,1,532),(1975,'browser',1,0,532),(1976,'Invoking req.getSession(false) will return a new session.',0,0,533),(1977,'Invoking req.getSession(true) will return a new session. ',1,1,533),(1978,'Invoking req.getSession(true) will return null.',0,0,533),(1979,'Invoking req.getSession(false) will return null.',1,1,533),(1980,'Invoking req.getSession() will return null.',0,0,533),(1981,'Invoking req.getSession() will return a new session.',1,1,533),(1982,'${1 plus 2}',0,1,534),(1983,'${2 div 1}',1,1,534),(1984,'${1 eq 2}',1,0,534),(1985,'${\"1\" + \"2\"}',1,1,534),(1986,'${2 & 1}',0,0,534),(1987,'Generic Servlet is an abtract class',1,0,535),(1988,'Genric Servlet extends HttpServlet and override doGet() method',0,1,535),(1989,'Generic servlet implements Servlet Interface and over-rides life-cycle method',1,1,535),(1990,'A GenericServlet has a service() method to handle requests',1,1,535),(1991,' KeyError ',0,1,536),(1992,'1',0,0,536),(1993,'a = (1)',0,0,537),(1994,'a = tuple(1)',0,1,537),(1995,'a = (1,)',1,0,537),(1996,'a = 1',0,0,537),(1997,'(2,3)',1,0,538),(1998,'3',0,1,538),(1999,'2',0,0,538),(2000,'{\'a\': 3,\'b\': 2}',1,0,539),(2001,'{\'a\': 1,\'b\': 2}',0,0,539),(2002,'The behavior is undefined',0,1,539),(2003,'{\'a\': 1,\'b\': 2, \'a\': 3}',0,0,539),(2004,'It causes SyntaxError',0,0,539),(2005,'{\'a\':1,\'b\':2}',0,1,540),(2006,'[1,2]',0,0,540),(2007,'KeyError',1,0,540),(2008,'{\'a\': 3,\'b\': 2}',1,0,541),(2009,'It causes SyntaxError',0,1,541),(2010,'{\'a\': 1,\'b\': 2, \'a\': 3}',0,0,541),(2011,'{\'a\': 1,\'b\': 2}',0,0,541),(2012,'The behavior is undefined',0,0,541),(2013,'2',0,0,542),(2014,'3',0,1,542),(2015,'(2,3)',1,0,542),(2016,' KeyError ',0,0,543),(2017,'1',0,1,543),(2018,'(2,3)',1,1,544),(2019,'3',0,0,544),(2020,'2',0,0,544),(2021,'{\'a\':1,\'b\':2}',0,0,545),(2022,'[1,2]',0,1,545),(2023,'KeyError',1,0,545),(2024,'1',0,0,546),(2025,' KeyError ',0,1,546),(2026,'{\'a\': 3,\'b\': 2}',1,0,547),(2027,'{\'a\': 1,\'b\': 2, \'a\': 3}',0,1,547),(2028,'The behavior is undefined',0,0,547),(2029,'It causes SyntaxError',0,0,547),(2030,'{\'a\': 1,\'b\': 2}',0,0,547),(2031,'1',0,0,548),(2032,' KeyError ',0,1,548),(2033,'The behavior is undefined',0,0,549),(2034,'It causes SyntaxError',0,1,549),(2035,'{\'a\': 1,\'b\': 2, \'a\': 3}',0,0,549),(2036,'{\'a\': 3,\'b\': 2}',1,0,549),(2037,'{\'a\': 1,\'b\': 2}',0,0,549),(2038,'2',0,0,550),(2039,'(2,3)',1,1,550),(2040,'3',0,0,550),(2041,'a = (1)',0,0,551),(2042,'a = tuple(1)',0,0,551),(2043,'a = 1',0,0,551),(2044,'a = (1,)',1,1,551),(2045,'{\'a\':1,\'b\':2}',0,1,552),(2046,'KeyError',1,0,552),(2047,'[1,2]',0,0,552),(2048,'a = 1',0,0,553),(2049,'a = (1,)',1,1,553),(2050,'a = tuple(1)',0,0,553),(2051,'a = (1)',0,0,553),(2052,'{\'a\': 1,\'b\': 2}',0,0,554),(2053,'{\'a\': 3,\'b\': 2}',1,0,554),(2054,'{\'a\': 1,\'b\': 2, \'a\': 3}',0,1,554),(2055,'It causes SyntaxError',0,0,554),(2056,'The behavior is undefined',0,0,554),(2057,'2',0,0,555),(2058,'(2,3)',1,1,555),(2059,'3',0,0,555),(2060,'{\'a\': 3,\'b\': 2}',1,0,556),(2061,'It causes SyntaxError',0,0,556),(2062,'{\'a\': 1,\'b\': 2}',0,0,556),(2063,'The behavior is undefined',0,0,556),(2064,'{\'a\': 1,\'b\': 2, \'a\': 3}',0,0,556),(2065,'{\'a\':1,\'b\':2}',0,0,557),(2066,'[1,2]',0,0,557),(2067,'KeyError',1,0,557),(2068,'(2,3)',1,0,558),(2069,'3',0,0,558),(2070,'2',0,0,558),(2071,'a = tuple(1)',0,0,559),(2072,'a = 1',0,0,559),(2073,'a = (1,)',1,0,559),(2074,'a = (1)',0,0,559),(2075,'a = tuple(1)',0,0,560),(2076,'a = 1',0,0,560),(2077,'a = (1,)',1,0,560),(2078,'a = (1)',0,0,560),(2079,'{\'a\':1,\'b\':2}',0,0,561),(2080,'[1,2]',0,0,561),(2081,'KeyError',1,0,561),(2082,'1',0,0,562),(2083,' KeyError ',0,0,562),(2084,'(2,3)',1,0,563),(2085,'3',0,0,563),(2086,'2',0,0,563),(2087,'1',0,0,564),(2088,' KeyError ',0,0,564),(2089,'{\'a\': 3,\'b\': 2}',1,0,565),(2090,'{\'a\': 1,\'b\': 2}',0,0,565),(2091,'{\'a\': 1,\'b\': 2, \'a\': 3}',0,0,565),(2092,'The behavior is undefined',0,0,565),(2093,'It causes SyntaxError',0,0,565),(2094,'KeyError',1,0,566),(2095,'[1,2]',0,0,566),(2096,'{\'a\':1,\'b\':2}',0,0,566),(2097,'2',0,0,567),(2098,'(2,3)',1,0,567),(2099,'3',0,0,567),(2100,' KeyError ',0,0,568),(2101,'1',0,0,568),(2102,'(2,3)',1,0,569),(2103,'2',0,0,569),(2104,'3',0,0,569),(2105,'[1,2]',0,0,570),(2106,'KeyError',1,0,570),(2107,'{\'a\':1,\'b\':2}',0,0,570),(2108,'a = (1)',0,0,571),(2109,'a = tuple(1)',0,0,571),(2110,'a = (1,)',1,0,571),(2111,'a = 1',0,0,571),(2112,'{\'a\': 1,\'b\': 2}',0,0,572),(2113,'It causes SyntaxError',0,0,572),(2114,'{\'a\': 3,\'b\': 2}',1,0,572),(2115,'The behavior is undefined',0,0,572),(2116,'{\'a\': 1,\'b\': 2, \'a\': 3}',0,0,572),(2117,' KeyError ',0,0,573),(2118,'1',0,0,573),(2119,'{\'a\':1,\'b\':2}',0,0,574),(2120,'[1,2]',0,0,574),(2121,'KeyError',1,0,574),(2122,'3',0,0,575),(2123,'(2,3)',1,0,575),(2124,'2',0,0,575),(2125,'{\'a\': 1,\'b\': 2, \'a\': 3}',0,1,576),(2126,'{\'a\': 1,\'b\': 2}',0,0,576),(2127,'It causes SyntaxError',0,0,576),(2128,'{\'a\': 3,\'b\': 2}',1,0,576),(2129,'The behavior is undefined',0,0,576),(2130,'2',0,0,577),(2131,'3',0,1,577),(2132,'(2,3)',1,0,577),(2133,'a = 1',0,0,578),(2134,'a = tuple(1)',0,0,578),(2135,'a = (1,)',1,1,578),(2136,'a = (1)',0,0,578),(2137,'KeyError',1,0,579),(2138,'[1,2]',0,1,579),(2139,'{\'a\':1,\'b\':2}',0,0,579),(2140,'a = 1',0,1,580),(2141,'a = tuple(1)',0,0,580),(2142,'a = (1)',0,0,580),(2143,'a = (1,)',1,0,580),(2144,'[1,2]',0,0,581),(2145,'KeyError',1,1,581),(2146,'{\'a\':1,\'b\':2}',0,0,581),(2147,'2',0,0,582),(2148,'3',0,0,582),(2149,'(2,3)',1,1,582),(2150,' KeyError ',0,0,583),(2151,'1',0,1,583),(2152,' KeyError ',0,0,584),(2153,'1',0,1,584),(2154,'a = (1)',0,0,585),(2155,'a = tuple(1)',0,1,585),(2156,'a = 1',0,0,585),(2157,'a = (1,)',1,0,585),(2158,'{\'a\': 1,\'b\': 2}',0,0,586),(2159,'The behavior is undefined',0,1,586),(2160,'{\'a\': 1,\'b\': 2, \'a\': 3}',0,0,586),(2161,'{\'a\': 3,\'b\': 2}',1,0,586),(2162,'It causes SyntaxError',0,0,586),(2163,'2',0,0,587),(2164,'3',0,0,587),(2165,'(2,3)',1,1,587),(2166,'{\'a\':1,\'b\':2}',0,0,588),(2167,'[1,2]',0,0,588),(2168,'KeyError',1,0,588),(2169,'a = (1,)',1,0,589),(2170,'a = 1',0,0,589),(2171,'a = (1)',0,0,589),(2172,'a = tuple(1)',0,0,589),(2173,'{\'a\': 1,\'b\': 2, \'a\': 3}',0,0,590),(2174,'The behavior is undefined',0,0,590),(2175,'{\'a\': 3,\'b\': 2}',1,0,590),(2176,'{\'a\': 1,\'b\': 2}',0,0,590),(2177,'It causes SyntaxError',0,0,590),(2178,'(2,3)',1,0,591),(2179,'3',0,0,591),(2180,'2',0,0,591),(2181,'a = (1,)',1,0,592),(2182,'a = 1',0,1,592),(2183,'a = (1)',0,0,592),(2184,'a = tuple(1)',0,0,592),(2185,'(2,3)',1,0,593),(2186,'3',0,0,593),(2187,'2',0,0,593),(2188,' KeyError ',0,0,594),(2189,'1',0,1,594),(2190,'{\'a\': 1,\'b\': 2, \'a\': 3}',0,1,595),(2191,'The behavior is undefined',0,0,595),(2192,'{\'a\': 3,\'b\': 2}',1,0,595),(2193,'{\'a\': 1,\'b\': 2}',0,0,595),(2194,'It causes SyntaxError',0,0,595),(2195,'{\'a\': 1,\'b\': 2, \'a\': 3}',0,0,596),(2196,'The behavior is undefined',0,1,596),(2197,'{\'a\': 3,\'b\': 2}',1,0,596),(2198,'{\'a\': 1,\'b\': 2}',0,0,596),(2199,'It causes SyntaxError',0,0,596),(2200,'(2,3)',1,0,597),(2201,'3',0,0,597),(2202,'2',0,1,597),(2203,' KeyError ',0,1,598),(2204,'1',0,0,598),(2205,'{\'a\':1,\'b\':2}',0,0,599),(2206,'[1,2]',0,0,599),(2207,'KeyError',1,0,599),(2208,'KeyError',1,1,600),(2209,'{\'a\':1,\'b\':2}',0,0,600),(2210,'[1,2]',0,1,600),(2211,'a = 1',0,0,601),(2212,'a = (1,)',1,0,601),(2213,'a = (1)',0,0,601),(2214,'a = tuple(1)',0,0,601),(2215,'1',0,0,602),(2216,' KeyError ',0,1,602),(2217,'{\'a\': 3,\'b\': 2}',1,0,603),(2218,'The behavior is undefined',0,0,603),(2219,'{\'a\': 1,\'b\': 2}',0,0,603),(2220,'{\'a\': 1,\'b\': 2, \'a\': 3}',0,0,603),(2221,'It causes SyntaxError',0,1,603),(2222,'{\'a\': 3,\'b\': 2}',1,0,604),(2223,'The behavior is undefined',0,1,604),(2224,'{\'a\': 1,\'b\': 2}',0,0,604),(2225,'{\'a\': 1,\'b\': 2, \'a\': 3}',0,0,604),(2226,'It causes SyntaxError',0,0,604),(2227,'1',0,0,605),(2228,' KeyError ',0,1,605),(2229,'KeyError',1,0,606),(2230,'{\'a\':1,\'b\':2}',0,1,606),(2231,'[1,2]',0,0,606),(2232,'(2,3)',1,0,607),(2233,'2',0,0,607),(2234,'3',0,1,607),(2235,'1',0,0,608),(2236,' KeyError ',0,0,608),(2237,'(2,3)',1,0,609),(2238,'2',0,0,609),(2239,'3',0,0,609),(2240,'{\'a\': 3,\'b\': 2}',1,0,610),(2241,'The behavior is undefined',0,0,610),(2242,'{\'a\': 1,\'b\': 2}',0,0,610),(2243,'{\'a\': 1,\'b\': 2, \'a\': 3}',0,0,610),(2244,'It causes SyntaxError',0,0,610),(2245,'a = 1',0,0,611),(2246,'a = (1,)',1,0,611),(2247,'a = (1)',0,0,611),(2248,'a = tuple(1)',0,0,611),(2249,'KeyError',1,1,612),(2250,'{\'a\':1,\'b\':2}',0,0,612),(2251,'[1,2]',0,0,612),(2252,'a = (1)',0,0,613),(2253,'a = 1',0,0,613),(2254,'a = tuple(1)',0,0,613),(2255,'a = (1,)',1,0,613),(2256,'3',0,0,614),(2257,'(2,3)',1,0,614),(2258,'2',0,1,614),(2259,' KeyError ',0,1,615),(2260,'1',0,0,615),(2261,'a = (1)',0,0,616),(2262,'a = 1',0,0,616),(2263,'a = tuple(1)',0,0,616),(2264,'a = (1,)',1,0,616),(2265,'{\'a\': 3,\'b\': 2}',1,0,617),(2266,'It causes SyntaxError',0,0,617),(2267,'{\'a\': 1,\'b\': 2, \'a\': 3}',0,0,617),(2268,'The behavior is undefined',0,0,617),(2269,'{\'a\': 1,\'b\': 2}',0,0,617),(2270,' KeyError ',0,0,618),(2271,'1',0,0,618),(2272,'3',0,0,619),(2273,'(2,3)',1,0,619),(2274,'2',0,0,619),(2275,'KeyError',1,0,620),(2276,'{\'a\':1,\'b\':2}',0,0,620),(2277,'[1,2]',0,0,620),(2278,'{\'a\': 3,\'b\': 2}',1,0,621),(2279,'It causes SyntaxError',0,0,621),(2280,'{\'a\': 1,\'b\': 2, \'a\': 3}',0,0,621),(2281,'The behavior is undefined',0,0,621),(2282,'{\'a\': 1,\'b\': 2}',0,0,621),(2283,'3',0,0,622),(2284,'(2,3)',1,0,622),(2285,'2',0,0,622),(2286,' KeyError ',0,0,623),(2287,'1',0,0,623),(2288,'3',0,0,624),(2289,'(2,3)',1,0,624),(2290,'2',0,0,624),(2291,' KeyError ',0,0,625),(2292,'1',0,0,625),(2293,'a = (1)',0,0,626),(2294,'a = 1',0,0,626),(2295,'a = tuple(1)',0,0,626),(2296,'a = (1,)',1,0,626),(2297,'{\'a\': 3,\'b\': 2}',1,0,627),(2298,'It causes SyntaxError',0,0,627),(2299,'{\'a\': 1,\'b\': 2, \'a\': 3}',0,0,627),(2300,'The behavior is undefined',0,0,627),(2301,'{\'a\': 1,\'b\': 2}',0,0,627),(2302,'{\'a\': 3,\'b\': 2}',1,0,628),(2303,'It causes SyntaxError',0,0,628),(2304,'{\'a\': 1,\'b\': 2}',0,0,628),(2305,'The behavior is undefined',0,0,628),(2306,'{\'a\': 1,\'b\': 2, \'a\': 3}',0,0,628),(2307,'2',0,0,629),(2308,'3',0,0,629),(2309,'(2,3)',1,0,629),(2310,'a = (1,)',1,0,630),(2311,'a = 1',0,0,630),(2312,'a = tuple(1)',0,0,630),(2313,'a = (1)',0,0,630),(2314,'1',0,0,631),(2315,' KeyError ',0,0,631),(2316,'a = (1,)',1,0,632),(2317,'a = 1',0,0,632),(2318,'a = tuple(1)',0,0,632),(2319,'a = (1)',0,0,632),(2320,'[1,2]',0,0,633),(2321,'KeyError',1,0,633),(2322,'{\'a\':1,\'b\':2}',0,0,633),(2323,'2',0,0,634),(2324,'3',0,0,634),(2325,'(2,3)',1,0,634),(2326,'1',0,0,635),(2327,' KeyError ',0,0,635),(2328,'2',0,0,636),(2329,'3',0,0,636),(2330,'(2,3)',1,0,636),(2331,'{\'a\': 3,\'b\': 2}',1,0,637),(2332,'It causes SyntaxError',0,0,637),(2333,'{\'a\': 1,\'b\': 2}',0,0,637),(2334,'The behavior is undefined',0,0,637),(2335,'{\'a\': 1,\'b\': 2, \'a\': 3}',0,0,637),(2336,'1',0,0,638),(2337,' KeyError ',0,0,638),(2338,'[1,2]',0,0,639),(2339,'KeyError',1,0,639),(2340,'{\'a\':1,\'b\':2}',0,0,639),(2341,'browser',1,0,640),(2342,'client',0,0,640),(2343,'server',0,0,640),(2344,'${1 eq 2}',1,0,641),(2345,'${1 plus 2}',0,0,641),(2346,'${2 & 1}',0,0,641),(2347,'${\"1\" + \"2\"}',1,0,641),(2348,'${2 div 1}',1,0,641),(2349,'client',0,0,642),(2350,'container',1,0,642),(2351,'user',0,0,642),(2352,'browser',0,0,642),(2353,'Find the resources',1,0,643),(2354,'Return the requested thing to user',1,0,643),(2355,'Get the resources',0,0,643),(2356,'Get the Request',1,0,643),(2357,'forward',1,0,644),(2358,'redirect',0,0,644),(2359,'option',0,0,644),(2360,'ServletContext',1,0,645),(2361,'ServletRequest',1,0,645),(2362,'ServletConfig',0,0,645),(2363,'HttpSession',1,0,645),(2364,'All of these',0,0,646),(2365,'By ?',1,0,646),(2366,'By &',0,0,646),(2367,'By comma separator',0,0,646),(2368,'service()',1,0,647),(2369,'get()',0,0,647),(2370,'init()',0,0,647),(2371,'post()',0,0,647),(2372,'destroy()',0,0,648),(2373,'class loading',0,0,648),(2374,'service()',0,0,648),(2375,'init() ',1,0,648),(2376,'Java EE containers must support the Secure Sockets Layer',1,0,649),(2377,'Java EE containers must support HTTP cookies',1,0,649),(2378,'Java EE containers must support HTTP sessions, even for clients that do not support cookies',1,0,649),(2379,'Java EE containers must recognize the HTTP termination signal that is issued to indicate that a client session is no longer active',0,0,649),(2380,'Java EE containers must support URL rewriting',0,0,649),(2381,'Invoking req.getSession(false) will return a new session.',0,0,650),(2382,'Invoking req.getSession(true) will return a new session. ',1,0,650),(2383,'Invoking req.getSession(false) will return null.',1,0,650),(2384,'Invoking req.getSession() will return null.',0,0,650),(2385,'Invoking req.getSession(true) will return null.',0,0,650),(2386,'Invoking req.getSession() will return a new session.',1,0,650),(2387,'A GenericServlet has a service() method to handle requests',1,0,651),(2388,'Genric Servlet extends HttpServlet and override doGet() method',0,0,651),(2389,'Generic Servlet is an abtract class',1,0,651),(2390,'Generic servlet implements Servlet Interface and over-rides life-cycle method',1,0,651),(2391,' KeyError ',0,0,652),(2392,'1',0,0,652),(2393,'{\'a\': 1,\'b\': 2}',0,0,653),(2394,'The behavior is undefined',0,0,653),(2395,'{\'a\': 1,\'b\': 2, \'a\': 3}',0,0,653),(2396,'{\'a\': 3,\'b\': 2}',1,0,653),(2397,'It causes SyntaxError',0,0,653),(2398,'{\'a\':1,\'b\':2}',0,0,654),(2399,'KeyError',1,0,654),(2400,'[1,2]',0,0,654),(2401,'3',0,0,655),(2402,'2',0,0,655),(2403,'(2,3)',1,0,655),(2404,'a = 1',0,0,656),(2405,'a = (1,)',1,0,656),(2406,'a = (1)',0,0,656),(2407,'a = tuple(1)',0,0,656),(2408,'1',0,0,657),(2409,' KeyError ',0,0,657),(2410,'KeyError',1,0,658),(2411,'{\'a\':1,\'b\':2}',0,0,658),(2412,'[1,2]',0,0,658),(2413,'{\'a\': 1,\'b\': 2}',0,0,659),(2414,'{\'a\': 3,\'b\': 2}',1,0,659),(2415,'The behavior is undefined',0,0,659),(2416,'It causes SyntaxError',0,0,659),(2417,'{\'a\': 1,\'b\': 2, \'a\': 3}',0,0,659),(2418,'a = 1',0,0,660),(2419,'a = (1,)',1,0,660),(2420,'a = tuple(1)',0,1,660),(2421,'a = (1)',0,0,660),(2422,'The behavior is undefined',0,0,661),(2423,'{\'a\': 1,\'b\': 2, \'a\': 3}',0,1,661),(2424,'{\'a\': 3,\'b\': 2}',1,0,661),(2425,'It causes SyntaxError',0,0,661),(2426,'{\'a\': 1,\'b\': 2}',0,0,661),(2427,'1',0,0,662),(2428,' KeyError ',0,0,662),(2429,'3',0,0,663),(2430,'(2,3)',1,0,663),(2431,'2',0,1,663),(2432,'{\'a\':1,\'b\':2}',0,0,664),(2433,'[1,2]',0,0,664),(2434,'KeyError',1,0,664),(2435,'{\'a\': 1,\'b\': 2}',0,0,665),(2436,'{\'a\': 3,\'b\': 2}',1,0,665),(2437,'The behavior is undefined',0,0,665),(2438,'{\'a\': 1,\'b\': 2, \'a\': 3}',0,0,665),(2439,'It causes SyntaxError',0,0,665),(2440,'a = tuple(1)',0,0,666),(2441,'a = (1)',0,0,666),(2442,'a = (1,)',1,0,666),(2443,'a = 1',0,0,666),(2444,'(2,3)',1,0,667),(2445,'2',0,0,667),(2446,'3',0,0,667),(2447,'{\'a\':1,\'b\':2}',0,0,668),(2448,'[1,2]',0,0,668),(2449,'KeyError',1,0,668),(2450,'a = tuple(1)',0,0,669),(2451,'a = (1)',0,0,669),(2452,'a = (1,)',1,0,669),(2453,'a = 1',0,0,669),(2454,'{\'a\': 1,\'b\': 2}',0,0,670),(2455,'{\'a\': 3,\'b\': 2}',1,0,670),(2456,'The behavior is undefined',0,0,670),(2457,'{\'a\': 1,\'b\': 2, \'a\': 3}',0,0,670),(2458,'It causes SyntaxError',0,0,670),(2459,'(2,3)',1,0,671),(2460,'2',0,0,671),(2461,'3',0,0,671),(2462,'{\'a\': 1,\'b\': 2}',0,1,672),(2463,'The behavior is undefined',0,0,672),(2464,'{\'a\': 3,\'b\': 2}',1,0,672),(2465,'It causes SyntaxError',0,0,672),(2466,'{\'a\': 1,\'b\': 2, \'a\': 3}',0,0,672),(2467,'(2,3)',1,1,673),(2468,'2',0,0,673),(2469,'3',0,0,673),(2470,' KeyError ',0,0,674),(2471,'1',0,1,674),(2472,'a = (1)',0,0,675),(2473,'a = (1,)',1,0,675),(2474,'a = tuple(1)',0,1,675),(2475,'a = 1',0,0,675),(2476,'a = (1)',0,0,676),(2477,'a = (1,)',1,0,676),(2478,'a = tuple(1)',0,1,676),(2479,'a = 1',0,0,676),(2480,'{\'a\': 1,\'b\': 2}',0,0,677),(2481,'The behavior is undefined',0,1,677),(2482,'{\'a\': 1,\'b\': 2, \'a\': 3}',0,0,677),(2483,'{\'a\': 3,\'b\': 2}',1,0,677),(2484,'It causes SyntaxError',0,0,677),(2485,'[1,2]',0,0,678),(2486,'{\'a\':1,\'b\':2}',0,0,678),(2487,'KeyError',1,1,678),(2488,' KeyError ',0,1,679),(2489,'1',0,0,679),(2490,' KeyError ',0,0,680),(2491,'1',0,1,680),(2492,'(2,3)',1,1,681),(2493,'2',0,0,681),(2494,'3',0,0,681),(2495,'a = (1)',0,0,682),(2496,'a = 1',0,0,682),(2497,'a = tuple(1)',0,1,682),(2498,'a = (1,)',1,0,682),(2499,'KeyError',1,1,683),(2500,'{\'a\':1,\'b\':2}',0,0,683),(2501,'[1,2]',0,0,683),(2502,'(2,3)',1,0,684),(2503,'2',0,0,684),(2504,'3',0,1,684),(2505,'KeyError',1,1,685),(2506,'{\'a\':1,\'b\':2}',0,0,685),(2507,'[1,2]',0,0,685),(2508,'a = (1)',0,0,686),(2509,'a = 1',0,0,686),(2510,'a = tuple(1)',0,0,686),(2511,'a = (1,)',1,1,686),(2512,'It causes SyntaxError',0,1,687),(2513,'{\'a\': 3,\'b\': 2}',1,0,687),(2514,'The behavior is undefined',0,0,687),(2515,'{\'a\': 1,\'b\': 2, \'a\': 3}',0,0,687),(2516,'{\'a\': 1,\'b\': 2}',0,0,687),(2517,'(2,3)',1,0,688),(2518,'2',0,0,688),(2519,'3',0,0,688),(2520,'It causes SyntaxError',0,0,689),(2521,'{\'a\': 3,\'b\': 2}',1,0,689),(2522,'The behavior is undefined',0,0,689),(2523,'{\'a\': 1,\'b\': 2, \'a\': 3}',0,0,689),(2524,'{\'a\': 1,\'b\': 2}',0,0,689),(2525,' KeyError ',0,0,690),(2526,'1',0,0,690),(2527,'a = (1)',0,0,691),(2528,'a = 1',0,0,691),(2529,'a = tuple(1)',0,0,691),(2530,'a = (1,)',1,0,691),(2531,'${1 plus 2}',0,0,692),(2532,'${\"1\" + \"2\"}',1,1,692),(2533,'${2 & 1}',0,0,692),(2534,'${2 div 1}',1,1,692),(2535,'${1 eq 2}',1,0,692),(2536,'Java EE containers must support HTTP cookies',1,0,693),(2537,'Java EE containers must recognize the HTTP termination signal that is issued to indicate that a client session is no longer active',0,0,693),(2538,'Java EE containers must support HTTP sessions, even for clients that do not support cookies',1,1,693),(2539,'Java EE containers must support URL rewriting',0,0,693),(2540,'Java EE containers must support the Secure Sockets Layer',1,0,693),(2541,'Invoking req.getSession() will return a new session.',1,0,694),(2542,'Invoking req.getSession(false) will return null.',1,0,694),(2543,'Invoking req.getSession(true) will return a new session. ',1,0,694),(2544,'Invoking req.getSession(false) will return a new session.',0,0,694),(2545,'Invoking req.getSession(true) will return null.',0,1,694),(2546,'Invoking req.getSession() will return null.',0,0,694),(2547,'All of these',0,0,695),(2548,'By &',0,0,695),(2549,'By comma separator',0,1,695),(2550,'By ?',1,0,695),(2551,'ServletConfig',0,0,696),(2552,'HttpSession',1,1,696),(2553,'ServletContext',1,1,696),(2554,'ServletRequest',1,0,696),(2555,'user',0,0,697),(2556,'browser',0,0,697),(2557,'container',1,1,697),(2558,'client',0,0,697),(2559,'option',0,0,698),(2560,'forward',1,1,698),(2561,'redirect',0,0,698),(2562,'Find the resources',1,0,699),(2563,'Return the requested thing to user',1,0,699),(2564,'Get the resources',0,1,699),(2565,'Get the Request',1,1,699),(2566,'get()',0,0,700),(2567,'post()',0,1,700),(2568,'init()',0,0,700),(2569,'service()',1,0,700),(2570,'client',0,0,701),(2571,'browser',1,0,701),(2572,'server',0,1,701),(2573,'service()',0,0,702),(2574,'init() ',1,1,702),(2575,'destroy()',0,0,702),(2576,'class loading',0,0,702),(2577,'Generic servlet implements Servlet Interface and over-rides life-cycle method',1,0,703),(2578,'Genric Servlet extends HttpServlet and override doGet() method',0,1,703),(2579,'Generic Servlet is an abtract class',1,1,703),(2580,'A GenericServlet has a service() method to handle requests',1,1,703),(2581,'All of these',0,0,704),(2582,'By comma separator',0,0,704),(2583,'By &',0,0,704),(2584,'By ?',1,0,704),(2585,'Return the requested thing to user',1,0,705),(2586,'Get the resources',0,0,705),(2587,'Find the resources',1,0,705),(2588,'Get the Request',1,0,705),(2589,'service()',0,0,706),(2590,'destroy()',0,0,706),(2591,'init() ',1,0,706),(2592,'class loading',0,0,706),(2593,'ServletContext',1,0,707),(2594,'HttpSession',1,0,707),(2595,'ServletRequest',1,0,707),(2596,'ServletConfig',0,0,707),(2597,'Invoking req.getSession(false) will return null.',1,0,708),(2598,'Invoking req.getSession(false) will return a new session.',0,0,708),(2599,'Invoking req.getSession() will return a new session.',1,0,708),(2600,'Invoking req.getSession() will return null.',0,0,708),(2601,'Invoking req.getSession(true) will return a new session. ',1,0,708),(2602,'Invoking req.getSession(true) will return null.',0,0,708),(2603,'forward',1,0,709),(2604,'redirect',0,0,709),(2605,'option',0,0,709),(2606,'${1 eq 2}',1,0,710),(2607,'${2 div 1}',1,1,710),(2608,'${\"1\" + \"2\"}',1,1,710),(2609,'${1 plus 2}',0,0,710),(2610,'${2 & 1}',0,0,710),(2611,'server',0,0,711),(2612,'browser',1,0,711),(2613,'client',0,0,711),(2614,'client',0,0,712),(2615,'container',1,0,712),(2616,'browser',0,0,712),(2617,'user',0,0,712),(2618,'Generic Servlet is an abtract class',1,0,713),(2619,'A GenericServlet has a service() method to handle requests',1,0,713),(2620,'Generic servlet implements Servlet Interface and over-rides life-cycle method',1,0,713),(2621,'Genric Servlet extends HttpServlet and override doGet() method',0,0,713),(2622,'service()',1,0,714),(2623,'post()',0,0,714),(2624,'get()',0,0,714),(2625,'init()',0,0,714),(2626,'Java EE containers must support URL rewriting',0,0,715),(2627,'Java EE containers must support HTTP cookies',1,0,715),(2628,'Java EE containers must support HTTP sessions, even for clients that do not support cookies',1,0,715),(2629,'Java EE containers must support the Secure Sockets Layer',1,0,715),(2630,'Java EE containers must recognize the HTTP termination signal that is issued to indicate that a client session is no longer active',0,0,715),(2631,'Return the requested thing to user',1,0,716),(2632,'Get the resources',0,0,716),(2633,'Find the resources',1,0,716),(2634,'Get the Request',1,0,716),(2635,'service()',1,0,717),(2636,'post()',0,0,717),(2637,'get()',0,0,717),(2638,'init()',0,0,717),(2639,'server',0,0,718),(2640,'browser',1,0,718),(2641,'client',0,0,718),(2642,'Generic Servlet is an abtract class',1,1,719),(2643,'A GenericServlet has a service() method to handle requests',1,1,719),(2644,'Generic servlet implements Servlet Interface and over-rides life-cycle method',1,0,719),(2645,'Genric Servlet extends HttpServlet and override doGet() method',0,1,719),(2646,'Invoking req.getSession(false) will return null.',1,0,720),(2647,'Invoking req.getSession(false) will return a new session.',0,0,720),(2648,'Invoking req.getSession() will return a new session.',1,0,720),(2649,'Invoking req.getSession() will return null.',0,0,720),(2650,'Invoking req.getSession(true) will return a new session. ',1,0,720),(2651,'Invoking req.getSession(true) will return null.',0,0,720),(2652,'forward',1,0,721),(2653,'redirect',0,0,721),(2654,'option',0,0,721),(2655,'client',0,0,722),(2656,'container',1,0,722),(2657,'browser',0,0,722),(2658,'user',0,0,722),(2659,'ServletContext',1,0,723),(2660,'HttpSession',1,0,723),(2661,'ServletRequest',1,0,723),(2662,'ServletConfig',0,0,723),(2663,'${1 eq 2}',1,0,724),(2664,'${2 div 1}',1,0,724),(2665,'${\"1\" + \"2\"}',1,0,724),(2666,'${1 plus 2}',0,0,724),(2667,'${2 & 1}',0,0,724),(2668,'Java EE containers must support URL rewriting',0,0,725),(2669,'Java EE containers must support HTTP cookies',1,0,725),(2670,'Java EE containers must support HTTP sessions, even for clients that do not support cookies',1,0,725),(2671,'Java EE containers must support the Secure Sockets Layer',1,0,725),(2672,'Java EE containers must recognize the HTTP termination signal that is issued to indicate that a client session is no longer active',0,0,725),(2673,'service()',0,0,726),(2674,'destroy()',0,0,726),(2675,'init() ',1,0,726),(2676,'class loading',0,0,726),(2677,'All of these',0,0,727),(2678,'By comma separator',0,0,727),(2679,'By &',0,0,727),(2680,'By ?',1,0,727),(2681,'forward',1,0,728),(2682,'redirect',0,0,728),(2683,'option',0,0,728),(2684,'Return the requested thing to user',1,0,729),(2685,'Get the resources',0,1,729),(2686,'Find the resources',1,1,729),(2687,'Get the Request',1,0,729),(2688,'Java EE containers must support URL rewriting',0,0,730),(2689,'Java EE containers must support HTTP cookies',1,1,730),(2690,'Java EE containers must support HTTP sessions, even for clients that do not support cookies',1,1,730),(2691,'Java EE containers must support the Secure Sockets Layer',1,1,730),(2692,'Java EE containers must recognize the HTTP termination signal that is issued to indicate that a client session is no longer active',0,0,730),(2693,'client',0,0,731),(2694,'container',1,0,731),(2695,'browser',0,0,731),(2696,'user',0,0,731),(2697,'Invoking req.getSession(false) will return null.',1,0,732),(2698,'Invoking req.getSession(false) will return a new session.',0,0,732),(2699,'Invoking req.getSession() will return a new session.',1,0,732),(2700,'Invoking req.getSession() will return null.',0,1,732),(2701,'Invoking req.getSession(true) will return a new session. ',1,1,732),(2702,'Invoking req.getSession(true) will return null.',0,1,732),(2703,'ServletContext',1,0,733),(2704,'HttpSession',1,1,733),(2705,'ServletRequest',1,1,733),(2706,'ServletConfig',0,1,733),(2707,'server',0,0,734),(2708,'browser',1,0,734),(2709,'client',0,0,734),(2710,'service()',0,0,735),(2711,'destroy()',0,0,735),(2712,'init() ',1,0,735),(2713,'class loading',0,0,735),(2714,'${1 eq 2}',1,0,736),(2715,'${2 div 1}',1,0,736),(2716,'${\"1\" + \"2\"}',1,1,736),(2717,'${1 plus 2}',0,1,736),(2718,'${2 & 1}',0,1,736),(2719,'service()',1,0,737),(2720,'post()',0,0,737),(2721,'get()',0,0,737),(2722,'init()',0,0,737),(2723,'Generic Servlet is an abtract class',1,0,738),(2724,'A GenericServlet has a service() method to handle requests',1,1,738),(2725,'Generic servlet implements Servlet Interface and over-rides life-cycle method',1,1,738),(2726,'Genric Servlet extends HttpServlet and override doGet() method',0,1,738),(2727,'All of these',0,0,739),(2728,'By comma separator',0,0,739),(2729,'By &',0,0,739),(2730,'By ?',1,0,739),(2731,'(2,3)',1,1,740),(2732,'3',0,0,740),(2733,'2',0,0,740),(2734,'The behavior is undefined',0,0,741),(2735,'{\'a\': 1,\'b\': 2, \'a\': 3}',0,0,741),(2736,'{\'a\': 1,\'b\': 2}',0,1,741),(2737,'It causes SyntaxError',0,0,741),(2738,'{\'a\': 3,\'b\': 2}',1,0,741),(2739,'a = (1)',0,0,742),(2740,'a = 1',0,1,742),(2741,'a = (1,)',1,0,742),(2742,'a = tuple(1)',0,0,742),(2743,'KeyError',1,0,743),(2744,'{\'a\':1,\'b\':2}',0,0,743),(2745,'[1,2]',0,0,743),(2746,'forward',1,1,744),(2747,'option',0,0,744),(2748,'redirect',0,0,744),(2749,'A GenericServlet has a service() method to handle requests',1,0,745),(2750,'Generic servlet implements Servlet Interface and over-rides life-cycle method',1,1,745),(2751,'Generic Servlet is an abtract class',1,1,745),(2752,'Genric Servlet extends HttpServlet and override doGet() method',0,1,745),(2753,'ServletConfig',0,1,746),(2754,'ServletRequest',1,1,746),(2755,'HttpSession',1,1,746),(2756,'ServletContext',1,0,746),(2757,'client',0,0,747),(2758,'browser',0,0,747),(2759,'container',1,1,747),(2760,'user',0,0,747),(2761,'browser',1,0,748),(2762,'server',0,0,748),(2763,'client',0,1,748),(2764,'${1 eq 2}',1,0,749),(2765,'${2 & 1}',0,1,749),(2766,'${1 plus 2}',0,1,749),(2767,'${2 div 1}',1,1,749),(2768,'${\"1\" + \"2\"}',1,0,749),(2769,'Get the resources',0,0,750),(2770,'Return the requested thing to user',1,1,750),(2771,'Get the Request',1,1,750),(2772,'Find the resources',1,1,750),(2773,'All of these',0,0,751),(2774,'By &',0,0,751),(2775,'By comma separator',0,1,751),(2776,'By ?',1,0,751),(2777,'get()',0,0,752),(2778,'init()',0,0,752),(2779,'service()',1,1,752),(2780,'post()',0,0,752),(2781,'Invoking req.getSession(true) will return a new session. ',1,0,753),(2782,'Invoking req.getSession() will return a new session.',1,1,753),(2783,'Invoking req.getSession(false) will return null.',1,1,753),(2784,'Invoking req.getSession() will return null.',0,1,753),(2785,'Invoking req.getSession(false) will return a new session.',0,0,753),(2786,'Invoking req.getSession(true) will return null.',0,0,753),(2787,'class loading',0,0,754),(2788,'init() ',1,1,754),(2789,'destroy()',0,0,754),(2790,'service()',0,1,754),(2791,'Java EE containers must support URL rewriting',0,0,755),(2792,'Java EE containers must support the Secure Sockets Layer',1,0,755),(2793,'Java EE containers must recognize the HTTP termination signal that is issued to indicate that a client session is no longer active',0,1,755),(2794,'Java EE containers must support HTTP cookies',1,1,755),(2795,'Java EE containers must support HTTP sessions, even for clients that do not support cookies',1,0,755),(2796,'${1 eq 2}',1,1,756),(2797,'${2 & 1}',0,0,756),(2798,'${1 plus 2}',0,0,756),(2799,'${2 div 1}',1,0,756),(2800,'${\"1\" + \"2\"}',1,0,756),(2801,'forward',1,0,757),(2802,'option',0,1,757),(2803,'redirect',0,0,757),(2804,'Invoking req.getSession(true) will return a new session. ',1,0,758),(2805,'Invoking req.getSession() will return a new session.',1,0,758),(2806,'Invoking req.getSession(false) will return null.',1,1,758),(2807,'Invoking req.getSession() will return null.',0,0,758),(2808,'Invoking req.getSession(false) will return a new session.',0,0,758),(2809,'Invoking req.getSession(true) will return null.',0,0,758),(2810,'ServletConfig',0,0,759),(2811,'ServletRequest',1,0,759),(2812,'HttpSession',1,0,759),(2813,'ServletContext',1,1,759),(2814,'class loading',0,0,760),(2815,'init() ',1,1,760),(2816,'destroy()',0,0,760),(2817,'service()',0,0,760),(2818,'get()',0,0,761),(2819,'init()',0,0,761),(2820,'service()',1,0,761),(2821,'post()',0,1,761),(2822,'All of these',0,0,762),(2823,'By &',0,0,762),(2824,'By comma separator',0,0,762),(2825,'By ?',1,0,762),(2826,'A GenericServlet has a service() method to handle requests',1,0,763),(2827,'Generic servlet implements Servlet Interface and over-rides life-cycle method',1,0,763),(2828,'Generic Servlet is an abtract class',1,0,763),(2829,'Genric Servlet extends HttpServlet and override doGet() method',0,0,763),(2830,'browser',1,0,764),(2831,'server',0,0,764),(2832,'client',0,0,764),(2833,'client',0,0,765),(2834,'browser',0,0,765),(2835,'container',1,0,765),(2836,'user',0,0,765),(2837,'Java EE containers must support URL rewriting',0,0,766),(2838,'Java EE containers must support the Secure Sockets Layer',1,0,766),(2839,'Java EE containers must recognize the HTTP termination signal that is issued to indicate that a client session is no longer active',0,0,766),(2840,'Java EE containers must support HTTP cookies',1,0,766),(2841,'Java EE containers must support HTTP sessions, even for clients that do not support cookies',1,0,766),(2842,'Get the resources',0,0,767),(2843,'Return the requested thing to user',1,0,767),(2844,'Get the Request',1,0,767),(2845,'Find the resources',1,0,767),(2846,'browser',1,0,768),(2847,'server',0,1,768),(2848,'client',0,0,768),(2849,'client',0,0,769),(2850,'browser',0,1,769),(2851,'container',1,0,769),(2852,'user',0,0,769),(2853,'ServletConfig',0,0,770),(2854,'ServletRequest',1,0,770),(2855,'HttpSession',1,1,770),(2856,'ServletContext',1,1,770),(2857,'All of these',0,0,771),(2858,'By &',0,1,771),(2859,'By comma separator',0,0,771),(2860,'By ?',1,0,771),(2861,'forward',1,0,772),(2862,'option',0,0,772),(2863,'redirect',0,1,772),(2864,'Invoking req.getSession(true) will return a new session. ',1,1,773),(2865,'Invoking req.getSession() will return a new session.',1,1,773),(2866,'Invoking req.getSession(false) will return null.',1,1,773),(2867,'Invoking req.getSession() will return null.',0,0,773),(2868,'Invoking req.getSession(false) will return a new session.',0,0,773),(2869,'Invoking req.getSession(true) will return null.',0,0,773),(2870,'${1 eq 2}',1,0,774),(2871,'${2 & 1}',0,0,774),(2872,'${1 plus 2}',0,1,774),(2873,'${2 div 1}',1,1,774),(2874,'${\"1\" + \"2\"}',1,1,774),(2875,'Get the resources',0,1,775),(2876,'Return the requested thing to user',1,0,775),(2877,'Get the Request',1,0,775),(2878,'Find the resources',1,0,775),(2879,'Java EE containers must support URL rewriting',0,0,776),(2880,'Java EE containers must support the Secure Sockets Layer',1,0,776),(2881,'Java EE containers must recognize the HTTP termination signal that is issued to indicate that a client session is no longer active',0,0,776),(2882,'Java EE containers must support HTTP cookies',1,1,776),(2883,'Java EE containers must support HTTP sessions, even for clients that do not support cookies',1,1,776),(2884,'A GenericServlet has a service() method to handle requests',1,0,777),(2885,'Generic servlet implements Servlet Interface and over-rides life-cycle method',1,1,777),(2886,'Generic Servlet is an abtract class',1,1,777),(2887,'Genric Servlet extends HttpServlet and override doGet() method',0,0,777),(2888,'class loading',0,1,778),(2889,'init() ',1,0,778),(2890,'destroy()',0,0,778),(2891,'service()',0,0,778),(2892,'get()',0,0,779),(2893,'init()',0,0,779),(2894,'service()',1,1,779),(2895,'post()',0,0,779),(2896,'Generic Servlet is an abtract class',1,0,780),(2897,'Genric Servlet extends HttpServlet and override doGet() method',0,1,780),(2898,'A GenericServlet has a service() method to handle requests',1,0,780),(2899,'Generic servlet implements Servlet Interface and over-rides life-cycle method',1,0,780),(2900,'Find the resources',1,1,781),(2901,'Get the Request',1,0,781),(2902,'Get the resources',0,1,781),(2903,'Return the requested thing to user',1,0,781),(2904,'${2 & 1}',0,0,782),(2905,'${\"1\" + \"2\"}',1,0,782),(2906,'${1 eq 2}',1,1,782),(2907,'${2 div 1}',1,1,782),(2908,'${1 plus 2}',0,0,782),(2909,'service()',0,0,783),(2910,'class loading',0,0,783),(2911,'destroy()',0,1,783),(2912,'init() ',1,0,783),(2913,'browser',0,1,784),(2914,'client',0,0,784),(2915,'user',0,0,784),(2916,'container',1,0,784),(2917,'Java EE containers must recognize the HTTP termination signal that is issued to indicate that a client session is no longer active',0,0,785),(2918,'Java EE containers must support HTTP cookies',1,0,785),(2919,'Java EE containers must support the Secure Sockets Layer',1,1,785),(2920,'Java EE containers must support HTTP sessions, even for clients that do not support cookies',1,1,785),(2921,'Java EE containers must support URL rewriting',0,0,785),(2922,'By comma separator',0,0,786),(2923,'By ?',1,0,786),(2924,'All of these',0,1,786),(2925,'By &',0,0,786),(2926,'Invoking req.getSession() will return a new session.',1,0,787),(2927,'Invoking req.getSession(true) will return null.',0,0,787),(2928,'Invoking req.getSession() will return null.',0,1,787),(2929,'Invoking req.getSession(false) will return null.',1,0,787),(2930,'Invoking req.getSession(false) will return a new session.',0,1,787),(2931,'Invoking req.getSession(true) will return a new session. ',1,0,787),(2932,'post()',0,0,788),(2933,'service()',1,0,788),(2934,'get()',0,1,788),(2935,'init()',0,0,788),(2936,'browser',1,0,789),(2937,'server',0,1,789),(2938,'client',0,0,789),(2939,'ServletConfig',0,0,790),(2940,'HttpSession',1,0,790),(2941,'ServletContext',1,1,790),(2942,'ServletRequest',1,0,790),(2943,'forward',1,0,791),(2944,'option',0,1,791),(2945,'redirect',0,0,791),(2946,'Generic servlet implements Servlet Interface and over-rides life-cycle method',1,0,792),(2947,'Genric Servlet extends HttpServlet and override doGet() method',0,1,792),(2948,'A GenericServlet has a service() method to handle requests',1,1,792),(2949,'Generic Servlet is an abtract class',1,0,792),(2950,'service()',1,0,793),(2951,'post()',0,0,793),(2952,'init()',0,1,793),(2953,'get()',0,0,793),(2954,'${2 div 1}',1,0,794),(2955,'${2 & 1}',0,1,794),(2956,'${\"1\" + \"2\"}',1,1,794),(2957,'${1 eq 2}',1,0,794),(2958,'${1 plus 2}',0,0,794),(2959,'container',1,0,795),(2960,'client',0,0,795),(2961,'browser',0,1,795),(2962,'user',0,0,795),(2963,'forward',1,0,796),(2964,'option',0,0,796),(2965,'redirect',0,1,796),(2966,'Java EE containers must support HTTP cookies',1,0,797),(2967,'Java EE containers must recognize the HTTP termination signal that is issued to indicate that a client session is no longer active',0,0,797),(2968,'Java EE containers must support URL rewriting',0,1,797),(2969,'Java EE containers must support HTTP sessions, even for clients that do not support cookies',1,1,797),(2970,'Java EE containers must support the Secure Sockets Layer',1,1,797),(2971,'All of these',0,1,798),(2972,'By comma separator',0,0,798),(2973,'By ?',1,0,798),(2974,'By &',0,0,798),(2975,'Find the resources',1,0,799),(2976,'Return the requested thing to user',1,1,799),(2977,'Get the resources',0,1,799),(2978,'Get the Request',1,0,799),(2979,'destroy()',0,0,800),(2980,'class loading',0,1,800),(2981,'init() ',1,0,800),(2982,'service()',0,0,800),(2983,'ServletConfig',0,0,801),(2984,'ServletRequest',1,0,801),(2985,'ServletContext',1,1,801),(2986,'HttpSession',1,0,801),(2987,'Invoking req.getSession(true) will return a new session. ',1,0,802),(2988,'Invoking req.getSession(false) will return a new session.',0,1,802),(2989,'Invoking req.getSession(true) will return null.',0,1,802),(2990,'Invoking req.getSession() will return a new session.',1,1,802),(2991,'Invoking req.getSession() will return null.',0,0,802),(2992,'Invoking req.getSession(false) will return null.',1,0,802),(2993,'browser',1,0,803),(2994,'server',0,0,803),(2995,'client',0,1,803);
/*!40000 ALTER TABLE `AnswerResult` ENABLE KEYS */;
UNLOCK TABLES;

--
-- Table structure for table `Quiz`
--

DROP TABLE IF EXISTS `Quiz`;
/*!40101 SET @saved_cs_client     = @@character_set_client */;
/*!40101 SET character_set_client = utf8 */;
CREATE TABLE `Quiz` (
  `id` int(11) NOT NULL AUTO_INCREMENT,
  `name` varchar(45) NOT NULL,
  `comment` varchar(1000) NOT NULL,
  `timeLimit` int(11) NOT NULL,
  `amount` int(11) NOT NULL,
  `randomOrder` tinyint(1) NOT NULL DEFAULT '0',
  `showResults` tinyint(1) NOT NULL DEFAULT '0',
  `binaryGrade` tinyint(1) NOT NULL DEFAULT '0',
  PRIMARY KEY (`id`)
) ENGINE=InnoDB AUTO_INCREMENT=63 DEFAULT CHARSET=utf8;
/*!40101 SET character_set_client = @saved_cs_client */;

--
-- Dumping data for table `Quiz`
--

LOCK TABLES `Quiz` WRITE;
/*!40000 ALTER TABLE `Quiz` DISABLE KEYS */;
INSERT INTO `Quiz` VALUES (19,'Java - Основы','Тест по Java содержит вопросы, ответы на которые знает большинство разработчиков с минимальным опытом программирования на Java. Тест будет полезен многим, в том числе людям, которые не имеют большого опыта работы с Java и хотят получить минимальное представление о базовых понятиях этого популярного языка программирования. Также этот тест может быть полезен студентам, изучающим Java, для закрепления знаний, полученных в ВУЗ-ах или же в результате самостоятельной работы.',20,5,1,1,0),(46,'Java EE JSP Test','This section contains servlet and jsp quizzes for both beginners and advance learner. You can try it and enhance your web understanding knowledge.',60,12,1,1,0),(53,'English - Adult Learners','For the questions below, please choose the best option to complete the sentence or conversation.',20,5,0,1,1),(54,'C++ Programming Test','This test aims to check basic understanding about programming knowledge, so it will be helpful to participant to grab programming basics and improve knowledge is a mother of all languages and c understanding is developing basics to all. This test aims to check basic understanding about programming knowledge.',50,1,0,1,0),(55,'The Standard Python Quiz','It\'s Python quiz time. You have finally finished our current tutorials for Python. No worries, more tutorials are still being developed, but for now, we have to rest. I would first like to congratulate you on working through those tutorials. Your dedication to learning a new language like Python is impressive, but you might be wondering exactly what you learned or how well you paid attention. That is precisely why we have crafted a quiz. The questions that compose this quiz are designed to test if you understand the basics of Python, but it will not quiz advanced topics. However, this quiz is probably the beginning of a series of quizzes for each tutorial category.',20,1,1,1,1),(56,'Do you know Python? ','Hello! In this quiz I tried to collect the most non-trivial features of Python. The time is unlimited, but, please, don\'t run any Python code during the test. After the end of test your results will be autosubmitted to my server for further analysis. Have fun! ',1,4,1,1,0),(58,'Lorem Ipsum is simply dummy text','Contrary to popular belief, Lorem Ipsum is not simply random text. It has roots in a piece of classical Latin literature from 45 BC, making it over 2000 years old. Richard McClintock, a Latin professor at Hampden-Sydney College in Virginia, looked up one of the more obscure Latin words, consectetur, from a Lorem Ipsum passage, and going through the cites of the word in classical literature, discovered the undoubtable source. Lorem Ipsum comes from sections 1.10.32 and 1.10.33 of \"de Finibus Bonorum et Malorum\" (The Extremes of Good and Evil) by Cicero, written in 45 BC. This book is a treatise on the theory of ethics, very popular during the Renaissance. The first line of Lorem Ipsum, \"Lorem ipsum dolor sit amet..\", comes from a line in section 1.10.32.',1,1,0,0,0),(59,'Codewars','Achieve code mastery through challenge. Codewars is a collective effort by its users. They are creators - authoring kata to teach various techniques, solving kata with solutions that enlighten others, and commenting with constructive feedback. The leaders among them moderate the content and community.',1,1,0,0,0),(60,'IA-Contest','IA-Contest is a programming contest where you can program your own AIs. The purpose of this competition is to have fun but also to learn the Ruby interactively, social and playful ! IA-Contest is currently only available in French.',1,1,0,0,0),(62,'qwfqwfqw','wrnjwrnbwebweb',1,1,0,1,0);
/*!40000 ALTER TABLE `Quiz` ENABLE KEYS */;
UNLOCK TABLES;

--
-- Table structure for table `User`
--

DROP TABLE IF EXISTS `User`;
/*!40101 SET @saved_cs_client     = @@character_set_client */;
/*!40101 SET character_set_client = utf8 */;
CREATE TABLE `User` (
  `id` int(11) NOT NULL AUTO_INCREMENT,
  `email` varchar(80) NOT NULL,
  `password` varchar(120) NOT NULL,
  `firstName` varchar(45) NOT NULL,
  `lastName` varchar(45) NOT NULL,
  `registered` datetime NOT NULL,
  `userRole_id` int(11) NOT NULL,
  PRIMARY KEY (`id`),
  UNIQUE KEY `email_UNIQUE` (`email`),
  KEY `fk_User_UserRole1` (`userRole_id`),
  CONSTRAINT `fk_User_UserRole1` FOREIGN KEY (`userRole_id`) REFERENCES `UserRole` (`id`) ON DELETE NO ACTION ON UPDATE NO ACTION
) ENGINE=InnoDB AUTO_INCREMENT=8 DEFAULT CHARSET=utf8;
/*!40101 SET character_set_client = @saved_cs_client */;

--
-- Dumping data for table `User`
--

LOCK TABLES `User` WRITE;
/*!40000 ALTER TABLE `User` DISABLE KEYS */;
INSERT INTO `User` VALUES (1,'ls2294@gmail.com','W6ph5Mm5Pz8GgiULbPgzG37mj9g=','Dmitry','Zhukov','2013-03-10 00:00:00',2),(2,'riaval@ya.ru','W6ph5Mm5Pz8GgiULbPgzG37mj9g=','Dmitry','Zhukov','2013-03-10 00:00:00',1),(4,'test@mail.ru','sbN3OgXA7QF2eHpPFXT/AHX3Uh4=','first','last','2013-11-27 15:16:12',2),(5,'safasf@gmail.com','sbN3OgXA7QF2eHpPFXT/AHX3Uh4=','asfasf','asfasfasf','2013-12-04 15:27:25',2),(6,'aaa@mail.ru','W6ph5Mm5Pz8GgiULbPgzG37mj9g=','Aaa','Bbb','2013-12-16 16:41:02',2),(7,'bbb@mail.ru','W6ph5Mm5Pz8GgiULbPgzG37mj9g=','BBB','BBB','2013-12-16 18:26:10',2);
/*!40000 ALTER TABLE `User` ENABLE KEYS */;
UNLOCK TABLES;

--
-- Table structure for table `Answer`
--

DROP TABLE IF EXISTS `Answer`;
/*!40101 SET @saved_cs_client     = @@character_set_client */;
/*!40101 SET character_set_client = utf8 */;
CREATE TABLE `Answer` (
  `id` int(11) NOT NULL AUTO_INCREMENT,
  `text` varchar(200) NOT NULL,
  `correct` tinyint(1) DEFAULT NULL,
  `question_id` int(11) NOT NULL,
  PRIMARY KEY (`id`),
  KEY `fk_Answer_Question1` (`question_id`),
  CONSTRAINT `fk_Answer_Question1` FOREIGN KEY (`question_id`) REFERENCES `Question` (`id`) ON DELETE NO ACTION ON UPDATE NO ACTION
) ENGINE=InnoDB AUTO_INCREMENT=173 DEFAULT CHARSET=utf8;
/*!40101 SET character_set_client = @saved_cs_client */;

--
-- Dumping data for table `Answer`
--

LOCK TABLES `Answer` WRITE;
/*!40000 ALTER TABLE `Answer` DISABLE KEYS */;
INSERT INTO `Answer` VALUES (20,'ans1',0,8),(21,'ans2',1,8),(22,'ans3',0,8),(23,'wrqwr',0,9),(24,'34253125',1,9),(25,'214241234',1,9),(26,'41324513',1,10),(27,'rewqrwer',1,10),(28,'fdsfgsdg',1,10),(34,'browser',0,13),(35,'client',0,13),(36,'container',1,13),(37,'user',0,13),(38,'By ?',1,14),(39,'By comma separator',0,14),(40,'By &',0,14),(41,'All of these',0,14),(42,'Invoking req.getSession(true) will return null.',0,15),(43,'Invoking req.getSession(false) will return null.',1,15),(44,'Invoking req.getSession() will return a new session.',1,15),(45,'Invoking req.getSession() will return null.',0,15),(46,'Invoking req.getSession(true) will return a new session. ',1,15),(47,'Invoking req.getSession(false) will return a new session.',0,15),(49,'etrewqtg',0,17),(50,'46346737',1,17),(59,'Return the requested thing to user',1,28),(60,'Find the resources',1,28),(61,'Get the Request',1,28),(62,'Get the resources',0,28),(63,'${2 div 1}',1,29),(64,'${2 & 1}',0,29),(65,'${\"1\" + \"2\"}',1,29),(66,'${1 eq 2}',1,29),(67,'${1 plus 2}',0,29),(68,'get()',0,30),(69,'post()',0,30),(70,'init()',0,30),(71,'service()',1,30),(72,'Genric Servlet extends HttpServlet and override doGet() method',0,31),(73,'A GenericServlet has a service() method to handle requests',1,31),(74,'Generic Servlet is an abtract class',1,31),(75,'Generic servlet implements Servlet Interface and over-rides life-cycle method',1,31),(76,'redirect',0,32),(77,'forward',1,32),(78,'option',0,32),(79,'Java EE containers must support HTTP cookies',1,33),(80,'Java EE containers must support HTTP sessions, even for clients that do not support cookies',1,33),(81,'Java EE containers must support the Secure Sockets Layer',1,33),(82,'Java EE containers must support URL rewriting',0,33),(83,'Java EE containers must recognize the HTTP termination signal that is issued to indicate that a client session is no longer active',0,33),(84,'client',0,34),(85,'server',0,34),(86,'browser',1,34),(87,'class loading',0,35),(88,'init() ',1,35),(89,'service()',0,35),(90,'destroy()',0,35),(91,'ServletRequest',1,36),(92,'HttpSession',1,36),(93,'ServletConfig',0,36),(94,'ServletContext',1,36),(95,'jjfzsjsfjsfj',0,17),(96,'1',0,37),(97,'2',0,37),(98,'3',1,37),(99,'4',0,37),(103,'When are you free?',0,39),(104,'It was two days ago.',1,39),(105,'Can you help me?',0,39),(106,'How do you do?',1,40),(107,'How long for?',0,40),(108,'How was it?',0,40),(109,'at school',0,41),(110,'in the evenings',0,41),(111,'in the library',1,41),(112,'Have you got anything else?',0,42),(113,'If you like.',0,42),(114,'Are you sure about that?',1,42),(115,'You aren\'t eating.',0,43),(116,'There aren\'t any.',1,43),(117,'Tom isn\'t here yet',0,43),(118,'malloc() and memalloc()',0,44),(119,'alloc() and memalloc()',1,44),(120,'malloc() and calloc()',0,44),(121,'memalloc() and faralloc()',0,44),(122,'strnstr()',0,45),(123,'laststr()',0,45),(124,'strrchr()',1,45),(125,'strstr()',0,45),(126,'True',0,46),(127,'False',1,46),(128,'varagrg.h',0,47),(129,'stdio.h',0,47),(130,'stdlib.h',0,47),(131,'stdarg.h',0,47),(132,'defines a list and initializes it ',0,48),(133,'defines a function, which does nothing ',1,48),(134,'defines a function, which passes its parameters through ',0,48),(135,'defines an empty class ',0,48),(136,'2',0,49),(137,'3',0,49),(138,'(2,3)',1,49),(139,'a = 1',0,50),(140,'a = (1,)',1,50),(141,'a = (1)',0,50),(142,'a = tuple(1)',0,50),(143,'KeyError',1,51),(144,'[1,2]',0,51),(145,'{\'a\':1,\'b\':2}',0,51),(146,' KeyError ',0,52),(147,'1',0,52),(148,'It causes SyntaxError',0,53),(149,'{\'a\': 1,\'b\': 2, \'a\': 3}',0,53),(150,'The behavior is undefined',0,53),(151,'{\'a\': 1,\'b\': 2}',0,53),(152,'{\'a\': 3,\'b\': 2}',1,53),(153,'tyippon',0,9),(156,'asgasgasg',1,56),(157,'asgasgasg',0,56),(158,'sdghsdh',0,57),(159,'qeyhqeyhqe',1,57),(160,'ty134y1',0,58),(161,'135613561',1,58),(169,'wgwqvg',1,62),(170,'qwgvqwv',0,62),(171,'dbqdwbwq',1,63),(172,'dwebewqbqebq',1,63);
/*!40000 ALTER TABLE `Answer` ENABLE KEYS */;
UNLOCK TABLES;

--
-- Table structure for table `QuizResult`
--

DROP TABLE IF EXISTS `QuizResult`;
/*!40101 SET @saved_cs_client     = @@character_set_client */;
/*!40101 SET character_set_client = utf8 */;
CREATE TABLE `QuizResult` (
  `id` int(11) NOT NULL AUTO_INCREMENT,
  `name` varchar(45) NOT NULL,
  `date` datetime NOT NULL,
  `grade` double NOT NULL DEFAULT '0',
  `showResults` tinyint(1) NOT NULL DEFAULT '0',
  `user_id` int(11) NOT NULL,
  PRIMARY KEY (`id`),
  KEY `fk_QuizResult_User1` (`user_id`),
  CONSTRAINT `fk_QuizResult_User1` FOREIGN KEY (`user_id`) REFERENCES `User` (`id`) ON DELETE NO ACTION ON UPDATE NO ACTION
) ENGINE=InnoDB AUTO_INCREMENT=174 DEFAULT CHARSET=utf8;
/*!40101 SET character_set_client = @saved_cs_client */;

--
-- Dumping data for table `QuizResult`
--

LOCK TABLES `QuizResult` WRITE;
/*!40000 ALTER TABLE `QuizResult` DISABLE KEYS */;
INSERT INTO `QuizResult` VALUES (13,'Java - Основы','2013-11-17 18:34:53',0,0,1),(20,'Java - ??????','2013-11-17 23:18:26',0,0,1),(21,'Java - ??????','2013-11-17 23:23:38',0,0,1),(22,'Java - ??????','2013-11-17 23:26:07',0,0,1),(23,'Java - ??????','2013-11-17 23:41:45',0,0,1),(24,'Java - ??????','2013-11-18 16:04:08',0,0,1),(25,'Java EE JSP Test','2013-11-23 18:53:17',0,0,1),(26,'Java EE JSP Test','2013-11-24 20:57:54',0,0,1),(27,'Java - ??????','2013-11-24 21:01:09',0,0,1),(28,'Java EE JSP Test','2013-11-24 22:26:01',0,1,1),(29,'Java EE JSP Test','2013-11-24 23:05:47',0,0,1),(30,'??????? ????? ????','2013-11-25 00:47:51',0,0,1),(31,'Java - ??????','2013-11-25 00:50:09',0,0,1),(32,'Java EE JSP Test','2013-11-25 01:29:59',0,0,1),(33,'??????? ????? ????','2013-11-25 02:49:39',0,0,1),(34,'Java - Основы','2013-11-25 20:00:56',0,0,1),(35,'Java - Основы','2013-11-25 20:09:36',0,1,1),(36,'Java - Основы','2013-11-25 20:10:43',0,1,1),(37,'Java - Основы','2013-11-25 20:14:48',0,1,1),(38,'Java - Основы','2013-11-25 21:40:22',0,1,1),(39,'Java - Основы','2013-11-25 21:44:34',0,1,1),(40,'Java - Основы','2013-11-25 21:48:13',0,1,1),(41,'Java - Основы','2013-11-25 21:53:06',0,1,1),(42,'Java - Основы','2013-11-25 21:54:35',0,1,1),(43,'Java - Основы','2013-11-25 21:56:08',0,1,1),(44,'Java - Основы','2013-11-25 21:58:23',0,1,1),(45,'Java - Основы','2013-11-25 22:00:01',0,1,1),(46,'Java - Основы','2013-11-25 22:00:57',0,1,1),(47,'Java - Основы','2013-11-25 22:01:55',0,1,1),(48,'Java - Основы','2013-11-25 22:06:58',0,1,1),(49,'Java - Основы','2013-11-25 22:35:49',0,1,1),(50,'Java - Основы','2013-11-25 22:37:53',0,1,1),(51,'Java - Основы','2013-11-26 00:22:05',0.2,1,1),(52,'Java - Основы','2013-11-26 00:23:04',0.2,1,1),(53,'Java - Основы','2013-11-26 00:23:52',0.2,1,1),(54,'Java - Основы','2013-11-26 00:24:46',0.3,1,1),(55,'Java - Основы','2013-11-26 00:36:55',0.4,1,1),(56,'Java - Основы','2013-11-26 00:45:24',1,1,1),(57,'Java - Основы','2013-11-26 01:02:46',0.9,1,1),(58,'Java - Основы','2013-11-26 01:03:42',0.8,1,1),(59,'Java - Основы','2013-11-26 01:12:30',0,1,1),(60,'Java - Основы','2013-11-26 01:13:47',0,1,1),(61,'Java - Основы','2013-11-26 01:14:12',0,1,1),(62,'Java - Основы','2013-11-26 01:14:34',0,1,1),(63,'Java - Основы','2013-11-26 01:17:04',0,1,1),(64,'Java - Основы','2013-11-26 01:20:38',0.2,1,1),(65,'Java - Основы','2013-11-26 01:31:00',0.2,1,1),(66,'Java - Основы','2013-11-26 01:33:41',0.2,1,1),(67,'Java - Основы','2013-11-26 01:34:53',0.2,1,1),(69,'Java - Основы','2013-11-26 01:37:41',0,1,1),(70,'Java - Основы','2013-11-26 01:37:47',0,1,1),(71,'Java - Основы','2013-11-26 01:38:09',0,1,1),(72,'Java - Основы','2013-11-27 01:56:07',0,1,1),(73,'Java EE JSP Test','2013-11-27 03:38:09',0,0,1),(74,'Java EE JSP Test','2013-11-27 05:21:48',0.4444444444444444,0,1),(75,'Java - Основы','2013-11-27 05:34:34',0,1,1),(76,'Java - Основы','2013-11-27 15:16:34',0,1,1),(77,'Java EE JSP Test','2013-11-27 15:44:49',0,0,4),(78,'Java - Основы','2013-11-27 21:01:03',0.4,1,1),(79,'Java - Основы','2013-11-28 00:29:07',0.2,1,1),(80,'Java - Основы','2013-12-01 15:31:12',0,1,1),(81,'Java - Основы','2013-12-01 15:31:38',0,1,1),(82,'Java - Основы','2013-12-01 15:35:08',0,1,1),(83,'Java EE JSP Test','2013-12-01 17:21:00',0.16666666666666666,0,1),(84,'Java EE JSP Test','2013-12-01 17:21:54',0.5277777777777777,1,1),(85,'Java EE JSP Test','2013-12-02 21:57:44',0,1,1),(86,'Java EE JSP Test','2013-12-02 21:59:54',0,1,1),(87,'Java EE JSP Test','2013-12-02 22:01:22',0.26666666666666666,1,1),(88,'Java - Основы','2013-12-02 22:31:14',0,1,1),(89,'Java EE JSP Test','2013-12-02 22:31:32',0.5,1,1),(90,'Java EE JSP Test','2013-12-04 00:44:47',0.03333333333333333,1,1),(91,'Java EE JSP Test','2013-12-04 00:45:48',0.1,1,1),(93,'Java EE JSP Test','2013-12-04 00:51:06',0,1,1),(94,'Java EE JSP Test','2013-12-04 15:29:40',0.3095238095238095,1,5),(95,'Java - Основы','2013-12-04 16:15:45',0,1,1),(96,'Java - Основы','2013-12-04 16:16:32',0,1,1),(97,'Java - Основы','2013-12-04 16:17:49',0,1,1),(98,'Java - Основы','2013-12-04 16:18:03',0.6,1,1),(99,'Java - Основы','2013-12-04 16:19:32',0,1,1),(100,'Java - Основы','2013-12-04 16:21:53',0,1,1),(101,'Java - Основы','2013-12-04 16:22:59',0,1,5),(102,'Java - Основы','2013-12-04 16:24:56',0,1,5),(103,'Java - Основы','2013-12-04 16:27:44',0,1,5),(104,'Java - Основы','2013-12-04 16:30:32',0,1,5),(105,'Java - Основы','2013-12-04 17:44:25',0,1,1),(106,'Java - Основы','2013-12-04 17:53:10',0,1,5),(107,'Java - Основы','2013-12-04 17:53:47',0.16666666666666666,1,5),(108,'Java - Основы','2013-12-04 17:55:45',0.16666666666666666,1,5),(109,'Java - Основы','2013-12-04 17:56:11',0.3333333333333333,1,5),(110,'Java EE JSP Test','2013-12-04 18:17:05',0.16666666666666666,1,1),(111,'Java EE JSP Test','2013-12-06 11:59:53',0.29166666666666663,1,1),(112,'Java EE JSP Test','2013-12-06 12:05:22',0.6,1,1),(113,'Java - Основы','2013-12-06 12:09:03',0.3333333333333333,1,1),(114,'Java EE JSP Test','2013-12-06 12:24:43',0.05,1,5),(115,'Java EE JSP Test','2013-12-06 12:25:40',0.05,1,5),(116,'Java EE JSP Test','2013-12-06 12:27:16',0.15,1,5),(117,'Java - Основы','2013-12-06 22:16:00',0,1,5),(118,'Java - Основы','2013-12-06 22:31:15',0.3333333333333333,1,1),(119,'Do you know Python? ','2013-12-06 23:41:43',0.25,1,1),(120,'Java - Основы','2013-12-07 02:06:12',0,1,1),(121,'Java - Основы','2013-12-07 02:07:10',0.08333333333333333,1,5),(122,'Java - Основы','2013-12-07 02:07:29',0,1,5),(123,'Java - Основы','2013-12-07 02:07:53',0,1,5),(124,'Java EE JSP Test','2013-12-07 02:08:17',0.55,1,5),(125,'Java EE JSP Test','2013-12-07 02:14:41',0,1,5),(126,'Java EE JSP Test','2013-12-07 02:17:36',0.27083333333333337,1,5),(127,'Do you know Python? ','2013-12-07 02:23:01',0,1,1),(128,'Do you know Python? ','2013-12-07 02:23:58',0,1,1),(129,'Do you know Python? ','2013-12-07 02:25:27',0.25,1,5),(130,'Do you know Python? ','2013-12-07 02:31:30',0.5,1,5),(131,'Do you know Python? ','2013-12-07 21:22:00',0.5,1,5),(132,'Do you know Python? ','2013-12-07 22:11:29',0,1,5),(133,'Do you know Python? ','2013-12-07 22:11:35',0,1,5),(134,'Do you know Python? ','2013-12-07 22:12:08',0,1,5),(135,'Do you know Python? ','2013-12-07 22:13:26',0,1,5),(136,'Do you know Python? ','2013-12-07 22:14:23',0,1,5),(137,'Do you know Python? ','2013-12-07 22:22:15',0.25,1,5),(138,'Do you know Python? ','2013-12-07 22:34:54',0.5,1,5),(139,'Do you know Python? ','2013-12-07 22:37:18',0.25,1,5),(140,'Do you know Python? ','2013-12-07 22:46:43',0,1,5),(141,'Do you know Python? ','2013-12-07 22:47:51',0,1,5),(142,'Do you know Python? ','2013-12-07 22:48:38',0,1,5),(143,'Do you know Python? ','2013-12-07 22:50:39',0.25,1,5),(144,'Do you know Python? ','2013-12-07 22:52:54',0,1,5),(145,'Do you know Python? ','2013-12-07 22:53:30',0,1,5),(146,'Do you know Python? ','2013-12-07 22:56:17',0.25,1,5),(147,'Do you know Python? ','2013-12-08 01:20:28',0,1,5),(148,'Do you know Python? ','2013-12-08 01:21:02',0,1,5),(149,'Do you know Python? ','2013-12-08 01:21:19',0,1,5),(150,'Do you know Python? ','2013-12-08 01:22:33',0,1,5),(151,'Do you know Python? ','2013-12-08 01:22:42',0,1,5),(152,'Do you know Python? ','2013-12-08 01:22:58',0,1,5),(153,'Java EE JSP Test','2013-12-08 01:24:08',0,1,5),(154,'Do you know Python? ','2013-12-08 01:25:42',0,1,5),(155,'Do you know Python? ','2013-12-08 01:28:36',0,1,5),(156,'Do you know Python? ','2013-12-08 01:32:24',0,1,5),(157,'Do you know Python? ','2013-12-08 01:35:28',0,1,5),(158,'Do you know Python? ','2013-12-08 01:35:48',0,1,5),(159,'Do you know Python? ','2013-12-08 01:36:32',0.25,1,5),(160,'Do you know Python? ','2013-12-08 01:40:28',0.25,1,5),(161,'Do you know Python? ','2013-12-08 01:42:24',0.5,1,5),(162,'Do you know Python? ','2013-12-08 01:42:41',0.5,1,5),(163,'Do you know Python? ','2013-12-08 01:43:09',0,1,5),(164,'Java EE JSP Test','2013-12-09 16:22:24',0.29166666666666663,1,1),(165,'Java EE JSP Test','2013-12-09 16:33:13',0.041666666666666664,1,5),(166,'Java EE JSP Test','2013-12-09 16:34:35',0.020833333333333332,1,5),(167,'Java EE JSP Test','2013-12-09 16:35:56',0.10416666666666666,1,5),(168,'Do you know Python? ','2013-12-15 20:40:43',0.25,1,1),(169,'Java EE JSP Test','2013-12-16 16:23:59',0.5625,1,1),(170,'Java EE JSP Test','2013-12-16 16:28:48',0.125,1,1),(171,'Java EE JSP Test','2013-12-16 16:29:52',0.3958333333333333,1,1),(172,'Java EE JSP Test','2013-12-16 16:46:31',0.10416666666666666,1,6),(173,'Java EE JSP Test','2013-12-16 18:26:57',0.04444444444444444,1,7);
/*!40000 ALTER TABLE `QuizResult` ENABLE KEYS */;
UNLOCK TABLES;

--
-- Table structure for table `UserRole`
--

DROP TABLE IF EXISTS `UserRole`;
/*!40101 SET @saved_cs_client     = @@character_set_client */;
/*!40101 SET character_set_client = utf8 */;
CREATE TABLE `UserRole` (
  `id` int(11) NOT NULL AUTO_INCREMENT,
  `name` varchar(45) DEFAULT NULL,
  PRIMARY KEY (`id`)
) ENGINE=InnoDB AUTO_INCREMENT=3 DEFAULT CHARSET=utf8;
/*!40101 SET character_set_client = @saved_cs_client */;

--
-- Dumping data for table `UserRole`
--

LOCK TABLES `UserRole` WRITE;
/*!40000 ALTER TABLE `UserRole` DISABLE KEYS */;
INSERT INTO `UserRole` VALUES (1,'admin'),(2,'user');
/*!40000 ALTER TABLE `UserRole` ENABLE KEYS */;
UNLOCK TABLES;
/*!40103 SET TIME_ZONE=@OLD_TIME_ZONE */;

/*!40101 SET SQL_MODE=@OLD_SQL_MODE */;
/*!40014 SET FOREIGN_KEY_CHECKS=@OLD_FOREIGN_KEY_CHECKS */;
/*!40014 SET UNIQUE_CHECKS=@OLD_UNIQUE_CHECKS */;
/*!40101 SET CHARACTER_SET_CLIENT=@OLD_CHARACTER_SET_CLIENT */;
/*!40101 SET CHARACTER_SET_RESULTS=@OLD_CHARACTER_SET_RESULTS */;
/*!40101 SET COLLATION_CONNECTION=@OLD_COLLATION_CONNECTION */;
/*!40111 SET SQL_NOTES=@OLD_SQL_NOTES */;

-- Dump completed on 2013-12-21 11:11:16
CREATE DATABASE  IF NOT EXISTS `hibernate_basics` /*!40100 DEFAULT CHARACTER SET latin1 */;
USE `hibernate_basics`;
-- MySQL dump 10.13  Distrib 5.5.34, for debian-linux-gnu (i686)
--
-- Host: 127.0.0.1    Database: hibernate_basics
-- ------------------------------------------------------
-- Server version	5.5.34-0ubuntu0.13.04.1

/*!40101 SET @OLD_CHARACTER_SET_CLIENT=@@CHARACTER_SET_CLIENT */;
/*!40101 SET @OLD_CHARACTER_SET_RESULTS=@@CHARACTER_SET_RESULTS */;
/*!40101 SET @OLD_COLLATION_CONNECTION=@@COLLATION_CONNECTION */;
/*!40101 SET NAMES utf8 */;
/*!40103 SET @OLD_TIME_ZONE=@@TIME_ZONE */;
/*!40103 SET TIME_ZONE='+00:00' */;
/*!40014 SET @OLD_UNIQUE_CHECKS=@@UNIQUE_CHECKS, UNIQUE_CHECKS=0 */;
/*!40014 SET @OLD_FOREIGN_KEY_CHECKS=@@FOREIGN_KEY_CHECKS, FOREIGN_KEY_CHECKS=0 */;
/*!40101 SET @OLD_SQL_MODE=@@SQL_MODE, SQL_MODE='NO_AUTO_VALUE_ON_ZERO' */;
/*!40111 SET @OLD_SQL_NOTES=@@SQL_NOTES, SQL_NOTES=0 */;
/*!40103 SET TIME_ZONE=@OLD_TIME_ZONE */;

/*!40101 SET SQL_MODE=@OLD_SQL_MODE */;
/*!40014 SET FOREIGN_KEY_CHECKS=@OLD_FOREIGN_KEY_CHECKS */;
/*!40014 SET UNIQUE_CHECKS=@OLD_UNIQUE_CHECKS */;
/*!40101 SET CHARACTER_SET_CLIENT=@OLD_CHARACTER_SET_CLIENT */;
/*!40101 SET CHARACTER_SET_RESULTS=@OLD_CHARACTER_SET_RESULTS */;
/*!40101 SET COLLATION_CONNECTION=@OLD_COLLATION_CONNECTION */;
/*!40111 SET SQL_NOTES=@OLD_SQL_NOTES */;

-- Dump completed on 2013-12-21 11:11:16
